Service Code;Service Name;Role;Region;2024 Q1_WL;2024 Q2_WL;2024 Q3_WL;2024 Q4_WL;2025 Q1_WL;2025 Q2_WL;2025 Q3_WL;2025 Q4_WL;2026 Q1_WL;2026 Q2_WL;2026 Q3_WL;2026 Q4_WL;2024 Q1_HC;2024 Q2_HC;2024 Q3_HC;2024 Q4_HC;2025 Q1_HC;2025 Q2_HC;2025 Q3_HC;2025 Q4_HC;2026 Q1_HC;2026 Q2_HC;2026 Q3_HC;2026 Q4_HC;2024 Q1_110A;2024 Q2_110A;2024 Q3_110A;2024 Q4_110A;2025 Q1_110A;2025 Q2_110A;2025 Q3_110A;2025 Q4_110A;2026 Q1_110A;2026 Q2_110A;2026 Q3_110A;2026 Q4_110A;2024 Q1_AD10;2024 Q2_AD10;2024 Q3_AD10;2024 Q4_AD10;2025 Q1_AD10;2025 Q2_AD10;2025 Q3_AD10;2025 Q4_AD10;2026 Q1_AD10;2026 Q2_AD10;2026 Q3_AD10;2026 Q4_AD10;2024 1Q_Tops_110A;2024 2Q_Tops_110A;2024 3Q_Tops_110A;2024 4Q_Tops_110A;2024 1Q_Tops_AD10;2024 2Q_Tops_AD10;2024 3Q_Tops_AD10;2024 4Q_Tops_AD10;2025 1Q_Tops_110A;2025 2Q_Tops_110A;2025 3Q_Tops_110A;2025 4Q_Tops_110A;2025 1Q_Tops_AD10;2025 2Q_Tops_AD10;2025 3Q_Tops_AD10;2025 4Q_Tops_AD10;2026 1Q_Tops_110A;2026 2Q_Tops_110A;2026 3Q_Tops_110A;2026 4Q_Tops_110A;2026 1Q_Tops_AD10;2026 2Q_Tops_AD10;2026 3Q_Tops_AD10;2026 4Q_Tops_AD10
BS1000;STAT;PRG; ;0.0199196768953846;0.4199159253646154;34.48898682215455;34.58878878082728;30.72755365559688;29.42634696930923;29.30779585206666;29.23203618545;26.97207674351094;25.832677580176924;25.845367613683337;25.74969775455;0.0;0.0;2.1200014630954547;2.1200014630954547;2.12000332775;2.1200042837938464;2.12000332775;2.120001444633333;2.12000332775;2.1200042837938464;2.12000332775;2.12000332775;0.0;0.0;0.0;0.0;0.0;0.0;0.0;0.0;0.0;0.0;0.0;0.0;0.0;0.0;24.30000569589546;24.300005695895457;0.0;0.0;0.0;0.0;0.0;0.0;0.0;0.0;0;0;0;0;0;0;0;0;0;0;0;0;0;0;0;0;0;0;0;0;0;0;0;0
BS1000;STAT;STD-RES; ;0.0500007306923078;0.0499988112784616;18.050001605440908;16.79999700668636;16.049998958743753;15.599994976127691;15.299997137483333;15.74999422861667;12.799997814450002;12.799998770493849;12.799999697566667;12.799999697566667;0.0;0.0;7.609997646049999;7.609997646050001;8.409997738690626;8.409985011356923;8.409987734633336;8.410004682683335;8.409999680654687;8.409985011356923;8.409987734633335;8.409987734633335;0.0;0.0;2.0000013089454547;2.0000013089454547;0.0;0.0;0.0;0.0;0.0;0.0;0.0;0.0;0.0;0.0;0.0;0.0;0.0;0.0;0.0;0.0;0.0;0.0;0.0;0.0;0;0;0;0;0;0;0;0;0;0;0;0;0;0;0;0;0;0;0;0;0;0;0;0
BS1000;STAT;STT; ;-1.5034100700904722;-3.932299691670473;207.7768091157632;211.1723316326278;202.9785887807322;200.0117754540942;210.45266547237333;204.46592612154333;152.8477054446891;147.54652001425433;137.776098663665;132.9298186427867;0.0;0.0;90.89832756955911;107.84985357479096;114.84000621964064;114.93983984346764;114.93987107423334;115.54007496628336;115.54002017935784;115.53983957669998;115.53986970656663;115.53986970656666;0.0;0.0;63.490644719550026;60.03003694398637;0.0;0.0;0.0;0.0;0.0;0.0;0.0;0.0;0.0;0.0;20.70000485205909;20.70000485205909;0.0;0.0;0.0;0.0;0.0;0.0;0.0;0.0;0;0;0;0;0;0;0;0;0;0;0;0;0;0;0;0;0;0;0;0;0;0;0;0
BS1000;STAT;STT-BM; ;-0.0499988112784614;0.0451158224538459;24.105566165077267;25.70365835516364;28.932839018135947;27.44079686786308;28.043141776650003;27.92270893335;19.833242072995315;19.207303286769232;19.179247600683336;19.115150075583333;0.0;0.0;7.089997608177273;7.089997608177273;7.089998158271874;7.089986745498463;7.089990743500001;7.090005808433333;7.089998158271875;7.089986745498463;7.089990743500001;7.089990743500002;0.0;0.0;5.000003272363637;5.000003272363637;0.0;0.0;0.0;0.0;0.0;0.0;0.0;0.0;0.0;0.0;0.0;0.0;0.0;0.0;0.0;0.0;0.0;0.0;0.0;0.0;0;0;0;0;0;0;0;0;0;0;0;0;0;0;0;0;0;0;0;0;0;0;0;0
BS1000;STAT;STT-ECB; ;-0.0414355383452308;0.1512912704160003;23.519706966659093;25.11039888574364;22.424037496184848;20.75363250463462;23.180096744711676;23.477857600096662;4.019869299106719;2.017508161509077;1.9279178952833336;2.1649213096000004;0.0;0.0;5.776665003181818;6.7099974350909095;6.70999851445;6.709986085880002;6.709989098866668;6.710002280683333;6.709996572485936;6.709986085880002;6.709989098866668;6.709989098866668;0.0;0.0;8.870005880786364;6.87000457184091;0.0;0.0;0.0;0.0;0.0;0.0;0.0;0.0;0.0;0.0;1.0000006544727271;0.0;0.0;0.0;0.0;0.0;0.0;0.0;0.0;0.0;0;0;0;0;0;0;0;0;0;0;0;0;0;0;0;0;0;0;0;0;0;0;0;0
BS1001;CMEI;PRG; ;0.1105467210553845;-0.4224917787461539;1.6372770673786363;0.6899469173890909;0.6613475132687501;0.198740291442;0.07768534172;0.06944519981;0.1663816549828125;0.2866315055153846;0.16712472105;0.04761837115;0.0;0.0;0.900000210959091;0.900000210959091;0.9000013028015625;0.8999986438046155;0.8999998316166667;0.9000017147333335;0.8999993608375001;0.8999986438046155;0.8999998316166667;0.8999998316166667;0.0;0.0;0.8500009343681818;0.8500009343681818;0.0;0.0;0.0;0.0;0.0;0.0;0.0;0.0;0.0;0.0;0.0;0.0;0.0;0.0;0.0;0.0;0.0;0.0;0.0;0.0;0;0;0;0;0;0;0;0;0;0;0;0;0;0;0;0;0;0;0;0;0;0;0;0
BS1001;CMEI;STT; ;-0.4640701214815399;-0.6917183618769238;7.451818838234545;4.814000670516364;4.40475511870625;1.7096165353604615;0.4616584794033334;0.4534183374933334;0.5034813707000001;0.6229868514692308;0.5034794875833333;0.3789132032;0.0;0.0;7.900001011604544;7.900001011604544;7.900010788381252;7.899989157889229;7.899998312733333;7.900013377666668;7.899995252668749;7.899989157889229;7.899998312733333;7.899998312733333;0.0;0.1999990839415384;1.800000421918182;1.800000421918182;0.0;0.0;0.0;0.0;0.0;0.0;0.0;0.0;0.0;0.0;0.0;0.0;0.0;0.0;0.0;0.0;0.0;0.0;0.0;0.0;0;0;0;0;0;0;0;0;0;0;0;0;0;0;0;0;0;0;0;0;0;0;0;0
DB1100;CQCI;CLIA; ;39.66083102835232;40.954320180447695;41.912885081368174;39.15314618237274;60.22816567766797;67.05070261390094;66.63751579505998;64.48713798378834;57.772324910841405;64.66524109248756;69.635119093365;72.16521288047167;35.411433036696934;34.615377257556915;35.03403564694999;35.99994416708181;36.714861895971886;36.75005966596463;36.75001980183333;36.75001980183333;36.750100775850015;36.75005966596463;36.75001980183333;36.75001980183333;0.7499975244876924;0.7499994439015385;0.7499986005227273;0.7499986005227273;0.0;0.0;0.0;0.0;0.0;0.0;0.0;0.0;0.0;0.0;0.0;0.0;0.0;0.0;0.0;0.0;0.0;0.0;0.0;0.0;0;0;0;0;0;0;0;0;0;0;0;0;0;0;0;0;0;0;0;0;0;0;0;0
DB1100;CQCI;CPQM; ;33.94001095805954;34.677505804636155;36.96394061657956;36.90215379787002;43.34559681685406;44.85954001955462;44.64269015436999;44.57119970154834;38.40900571017125;38.006743354485245;36.38069279233667;35.09932229027;20.87234148906001;24.011540915030764;25.3772774441;25.350005626959096;26.350042350723445;26.34997952071692;26.350007101133336;26.350052295933335;26.34999768555;26.34997952071692;26.350007101133336;26.350007101133336;0.0;0.0;0.0;0.0;0.0;0.0;0.0;0.0;0.0;0.0;0.0;0.0;0.0;0.0;0.0;0.0;0.0;0.0;0.0;0.0;0.0;0.0;0.0;0.0;0;0;0;0;0;0;0;0;0;0;0;0;0;0;0;0;0;0;0;0;0;0;0;0
DB1200;CPM;CTM; ;-2.0758349420151148;-3.2168042068914846;265.3882436239241;274.8804036411373;239.43497836712788;246.554024346168;239.36048113015508;235.25091118693496;215.1692441027216;214.2015474384703;214.4603356415917;213.48505953940665;0.0;0.0;113.07942441415004;119.14730070491822;122.30033109873906;122.3898535805508;122.68999589770006;123.29022991961672;120.67994657516871;120.67985634853083;120.67999671315006;120.67999671315005;0.0;0.0;123.9479476934046;121.13581824806823;0.0;0.0;0.0;0.0;0.0;0.0;0.0;0.0;0.0;0.0;0.0;0.0;0.0;0.0;0.0;0.0;0.0;0.0;0.0;0.0;0;0;0;0;0;0;0;0;0;0;0;0;0;0;0;0;0;0;0;0;0;0;0;0
DB1200;CPM;PL; ;54.112429934640005;49.195433703264;47.08342407160956;46.14722495149819;37.505246512712354;36.56004633395907;36.351080217818335;36.044309214118336;34.616190072466416;33.70133431309615;33.63147842002667;31.525267415366667;42.11315093475231;39.42691014350768;38.82273508387273;38.263644874331824;37.35005309528282;37.349942761847686;37.34999207053336;37.35007116143335;37.349973474756254;37.349942761847686;37.34999207053335;37.34999207053336;0.0;0.0;0.0;0.0;0.0;0.0;0.0;0.0;0.0;0.0;0.0;0.0;0.0;0.0;0.0;0.0;0.0;0.0;0.0;0.0;0.0;0.0;0.0;0.0;0;0;0;0;0;0;0;0;0;0;0;0;0;0;0;0;0;0;0;0;0;0;0;0
DB1200;CPM;PSA; ;-0.4255044907190697;-0.5853557710647801;37.46002568855409;37.63442902533181;36.51272479867032;38.91721698829462;40.03241681415668;38.35509579916;38.69138243217843;39.77009777597661;40.38682709160167;40.27340942282001;0.0;0.0;7.799987335768182;7.799987335768182;7.799999639162499;7.800008004546154;7.7999991683833345;7.800001051500001;7.800019058803127;7.800008004546154;7.7999991683833345;7.7999991683833345;0.0;0.0;15.112132958554543;15.15001142752727;0.0;0.0;0.0;0.0;0.0;0.0;0.0;0.0;0.0;0.0;1.4999972010454543;1.4999972010454543;0.0;0.0;0.0;0.0;0.0;0.0;0.0;0.0;0;0;0;0;0;0;0;0;0;0;0;0;0;0;0;0;0;0;0;0;0;0;0;0
DB1200;CPM;SCI; ;0.0;7.899998365139999;0.0;0.0;0.0;0.0;0.0;0.0;0.0;0.0;0.0;0.0;0.0;4.4500055297861545;0.0;0.0;0.0;0.0;0.0;0.0;0.0;0.0;0.0;0.0;0.0;3.9999970341415385;0.0;0.0;0.0;0.0;0.0;0.0;0.0;0.0;0.0;0.0;0.0;0.0;0.0;0.0;0.0;0.0;0.0;0.0;0.0;0.0;0.0;0.0;0;0;0;0;0;0;0;0;0;0;0;0;0;0;0;0;0;0;0;0;0;0;0;0
DB1201;CPOEI;SCI; ;0.0;0.0;8.800001222563637;8.800001222563635;8.599999502565625;8.600000637867693;8.59999985565;8.599997972533334;0.0;0.0;0.0;0.0;0.0;0.0;4.450003668536365;3.6000027341681817;3.6000071531703126;3.6000041356569232;3.600004975816667;3.600006858933334;3.60000521120625;3.6000041356569232;3.600004975816667;3.600004975816667;0.0;0.0;4.393942097804546;5.000003272363637;0.0;0.0;0.0;0.0;0.0;0.0;0.0;0.0;0.0;0.0;0.0;0.0;0.0;0.0;0.0;0.0;0.0;0.0;0.0;0.0;0;0;0;0;0;0;0;0;0;0;0;0;0;0;0;0;0;0;0;0;0;0;0;0
DB1300;CDOC;EDS; ;28.056211922558763;25.63663817608108;26.896139400558184;28.758217374219544;31.491341520930163;29.355931471908463;24.210884489866668;26.278435485983337;35.67406412051453;25.33352077821061;21.458758442566666;25.27797966591334;13.022320821646154;13.52309205528;14.530014726804549;14.530014726804543;14.530025628989067;14.530023209003073;14.53002086235;14.53002086235;14.530025628989067;14.530023209003073;14.53002086235;14.53002086235;2.0000023558984616;1.9999985170707693;2.0000013089454547;2.0000013089454547;0.0;0.0;0.0;0.0;0.0;0.0;0.0;0.0;6.0000070676953845;5.384612277996924;5.000003272363637;5.92424698889091;0.0;0.0;0.0;0.0;0.0;0.0;0.0;0.0;0;0;0;0;0;0;0;0;0;0;0;0;0;0;0;0;0;0;0;0;0;0;0;0
DB1300;CDOC;MWD; ;14.136717145412309;13.015362946453848;14.867221568190908;14.840981872222727;16.526193792401564;14.786510652049232;13.493193773733337;12.758013728366668;13.038657429875;12.893982469581232;11.812434376015002;12.271696777771668;3.730002685472308;3.7300046048861546;3.730002743636364;5.133793397127272;5.430009219610938;5.430009727509231;5.4300083369;5.430006453783333;5.4300092196109375;5.430009727509231;5.4300083369;5.4300083369;8.000009423593847;8.44614646151077;9.000005890254547;9.000005890254545;0.0;0.0;0.0;0.0;0.0;0.0;0.0;0.0;0.0;0.0;0.0;0.0;0.0;0.0;0.0;0.0;0.0;0.0;0.0;0.0;0;0;0;0;0;0;0;0;0;0;0;0;0;0;0;0;0;0;0;0;0;0;0;0
DB1300;CDOC;QCS; ;2.0095650676213843;1.818669379669385;1.8761167119422724;1.6155516728254544;1.9167764002165624;1.556498465048154;1.440030048765;1.6198192943333332;1.5428650079270312;1.3071637596413843;1.50294290517;1.2402857925033337;0.8500009052861539;0.8500009052861539;0.8500009343681818;0.8500009343681818;0.850001554084375;0.8500013748261539;0.8500012010000001;0.8500012010000001;0.850001554084375;0.8500013748261539;0.8500012010000001;0.8500012010000001;0.0;0.0;0.0;0.0;0.0;0.0;0.0;0.0;0.0;0.0;0.0;0.0;0.0;0.0;0.0;0.0;0.0;0.0;0.0;0.0;0.0;0.0;0.0;0.0;0;0;0;0;0;0;0;0;0;0;0;0;0;0;0;0;0;0;0;0;0;0;0;0
DB1300;CDOC;REM; ;47.77501428934662;45.06928549738062;44.52919127299545;44.41155951558046;42.13960043092078;42.30686623824016;42.35338465776833;42.46772204072999;41.98282819670844;40.85184609119816;37.21450314454834;33.477341178003336;17.670014461103076;18.057096893215384;17.559258233118186;19.75380871212727;20.22003664907188;20.72003425574923;20.720030605400005;20.7200306054;20.72003802017188;20.720034255749237;20.720030605400005;20.720030605400005;8.800007678773847;8.799994242876924;8.800005003227273;8.800005003227273;0.0;0.0;0.0;0.0;0.0;0.0;0.0;0.0;6.0000070676953845;5.999995551212308;6.0000039268363645;6.0000039268363645;0.0;0.0;0.0;0.0;0.0;0.0;0.0;0.0;0;0;0;0;0;0;0;0;0;0;0;0;0;0;0;0;0;0;0;0;0;0;0;0
DB1300;CDOC;RTLM; ;31.858695129806765;25.435185711975222;27.18767053228818;30.210392393829096;29.213851898782035;23.881118279219383;27.84501153968334;32.77103571373333;30.62307113412422;29.83084395798016;33.28866738800167;27.35998942010833;5.600005060984615;6.201545521541539;6.720462312036364;7.853797521304546;8.150015357859377;8.150013744535386;8.150012180100001;8.150012180100003;8.150015357859376;8.150013744535386;8.150012180100003;8.150012180100003;2.0000023558984616;1.9999985170707693;2.0000013089454547;2.0000013089454547;0.0;0.0;0.0;0.0;0.0;0.0;0.0;0.0;10.892324243603078;10.999991843889232;11.0000071992;11.0000071992;0.0;0.0;0.0;0.0;0.0;0.0;0.0;0.0;0;0;0;0;0;0;0;0;0;0;0;0;0;0;0;0;0;0;0;0;0;0;0;0
DB1300;CDOC;SCI; ;1.9999985170707693;1.999998517070769;1.9999994186136365;1.9999994186136365;2.000720127175;2.0007225172846157;2.000719185616667;2.0007173025;2.0007220691390626;2.000722517284616;2.0007229518500003;2.0007229518500003;1.2938461630707692;1.37784547122;1.2336381058727273;1.5200006923454543;1.5200005172515625;1.520002638473846;1.5200009291833334;1.5199990460666668;1.5200024592156252;1.520002638473846;1.5200009291833334;1.5200009291833334;0.0;0.0;0.0;0.0;0.0;0.0;0.0;0.0;0.0;0.0;0.0;0.0;0.0;0.0;0.0;0.0;0.0;0.0;0.0;0.0;0.0;0.0;0.0;0.0;0;0;0;0;0;0;0;0;0;0;0;0;0;0;0;0;0;0;0;0;0;0;0;0
DB1300;CDOC;TT; ;24.52441769985092;26.451044511297237;25.35872988636637;23.82354793918909;21.769305477691404;21.185618813222767;21.28260756671001;18.58918937629833;16.035234788565784;16.403909874932463;16.37487165679167;14.064631175583331;12.560012722075385;12.560014641489232;12.560012983813635;14.22138214118182;15.110026209643753;15.110024417061537;15.110020795683331;15.110020795683337;15.110028151607816;15.110024417061537;15.110020795683337;15.110020795683331;5.815392085730769;5.584611361938462;5.000003272363637;5.000003272363637;0.0;0.0;0.0;0.0;0.0;0.0;0.0;0.0;3.0000035338476927;2.8461509975953847;3.000001963418182;3.000001963418182;0.0;0.0;0.0;0.0;0.0;0.0;0.0;0.0;0;0;0;0;0;0;0;0;0;0;0;0;0;0;0;0;0;0;0;0;0;0;0;0
DB1300;CDOC;WRI; ;109.70370009855;122.68239014823504;112.38045154039548;104.42872537925;115.17945202214172;121.77665145542936;113.65788968912;121.836245223105;107.29548185691674;93.85614467347465;86.08745802696666;79.23716054163;49.87773273363232;49.69467823512464;51.65839058241819;51.73566356648183;52.65009077862188;51.800082771241534;51.80006898103335;51.80006898103335;51.80009699239375;51.800082771241534;51.80006898103335;51.80006898103335;20.322170301267697;21.544600833364616;22.960011850936365;22.960011850936365;0.0;0.0;0.0;0.0;0.0;0.0;0.0;0.0;7.892320709755385;8.846146548807694;10.000006544727272;10.000006544727272;0.0;0.0;0.0;0.0;0.0;0.0;0.0;0.0;0;0;0;0;0;0;0;0;0;0;0;0;0;0;0;0;0;0;0;0;0;0;0;0
DB1301;OMD;COD; ;12.281225538576924;0.0006199706723076;0.0;0.0;0.0;0.0;0.0;0.0;0.0;0.0;0.0;0.0;4.042312431793846;0.0;0.0;0.0;0.0;0.0;0.0;0.0;0.0;0.0;0.0;0.0;1.9692341519446157;0.0;0.0;0.0;0.0;0.0;0.0;0.0;0.0;0.0;0.0;0.0;3.0000035338476927;0.0;0.0;0.0;0.0;0.0;0.0;0.0;0.0;0.0;0.0;0.0;0;0;0;0;0;0;0;0;0;0;0;0;0;0;0;0;0;0;0;0;0;0;0;0
DB1301;OMD;SCI; ;11.599998692783076;0.0;0.0;0.0;0.0;0.0;0.0;0.0;0.0;0.0;0.0;0.0;6.15000350153077;0.0;0.0;0.0;0.0;0.0;0.0;0.0;0.0;0.0;0.0;0.0;3.938468303889231;0.0;0.0;0.0;0.0;0.0;0.0;0.0;0.0;0.0;0.0;0.0;1.0000011779492308;0.0;0.0;0.0;0.0;0.0;0.0;0.0;0.0;0.0;0.0;0.0;0;0;0;0;0;0;0;0;0;0;0;0;0;0;0;0;0;0;0;0;0;0;0;0
DB1301;OMD;SCS; ;0.0;0.0;0.0;0.0;0.0;0.0;0.0;0.0;0.0;0.0;0.0;0.0;0.0;0.0;0.0;0.0;0.0;0.0;0.0;0.0;0.0;0.0;0.0;0.0;0.0;0.0;0.0;0.0;0.0;0.0;0.0;0.0;0.0;0.0;0.0;0.0;0.0;0.0;0.0;0.0;0.0;0.0;0.0;0.0;0.0;0.0;0.0;0.0;0;0;0;0;0;0;0;0;0;0;0;0;0;0;0;0;0;0;0;0;0;0;0;0
DB1400;EDO;CTDM; ;64.46463860764938;0.0;0.0;0.0;0.0;0.0;0.0;0.0;0.0;0.0;0.0;0.0;11.753858906690771;0.0;0.0;0.0;0.0;0.0;0.0;0.0;0.0;0.0;0.0;0.0;42.83081785241538;0.0;0.0;0.0;0.0;0.0;0.0;0.0;0.0;0.0;0.0;0.0;0.0;0.0;0.0;0.0;0.0;0.0;0.0;0.0;0.0;0.0;0.0;0.0;0;0;0;0;0;0;0;0;0;0;0;0;0;0;0;0;0;0;0;0;0;0;0;0
DB1400;EDO;CTM; ;106.03640312790046;-0.0036008203753846;0.0;0.0;0.0;0.0;0.0;0.0;0.0;0.0;0.0;0.0;31.101583105956927;0.0;0.0;0.0;0.0;0.0;0.0;0.0;0.0;0.0;0.0;0.0;58.27699175370921;0.0;0.0;0.0;0.0;0.0;0.0;0.0;0.0;0.0;0.0;0.0;0.0;0.0;0.0;0.0;0.0;0.0;0.0;0.0;0.0;0.0;0.0;0.0;0;0;0;0;0;0;0;0;0;0;0;0;0;0;0;0;0;0;0;0;0;0;0;0
DB1400;EDO;DBD; ;10.62728774089846;0.0;0.0;0.0;0.0;0.0;0.0;0.0;0.0;0.0;0.0;0.0;0.4999996292676922;0.0;0.0;0.0;0.0;0.0;0.0;0.0;0.0;0.0;0.0;0.0;7.000008245644615;0.0;0.0;0.0;0.0;0.0;0.0;0.0;0.0;0.0;0.0;0.0;0.0;0.0;0.0;0.0;0.0;0.0;0.0;0.0;0.0;0.0;0.0;0.0;0;0;0;0;0;0;0;0;0;0;0;0;0;0;0;0;0;0;0;0;0;0;0;0
DB1400;EDO;DMP; ;12.04383473738123;0.0027677947661538;0.0;0.0;0.0;0.0;0.0;0.0;0.0;0.0;0.0;0.0;1.800003271956923;0.0;0.0;0.0;0.0;0.0;0.0;0.0;0.0;0.0;0.0;0.0;10.276935212146157;0.0;0.0;0.0;0.0;0.0;0.0;0.0;0.0;0.0;0.0;0.0;0.0;0.0;0.0;0.0;0.0;0.0;0.0;0.0;0.0;0.0;0.0;0.0;0;0;0;0;0;0;0;0;0;0;0;0;0;0;0;0;0;0;0;0;0;0;0;0
DB1400;EDO;PSA; ;22.43618334438969;0.0;0.0;0.0;0.0;0.0;0.0;0.0;0.0;0.0;0.0;0.0;2.6699948724507694;0.0;0.0;0.0;0.0;0.0;0.0;0.0;0.0;0.0;0.0;0.0;15.923096417889234;0.0;0.0;0.0;0.0;0.0;0.0;0.0;0.0;0.0;0.0;0.0;0.0;0.0;0.0;0.0;0.0;0.0;0.0;0.0;0.0;0.0;0.0;0.0;0;0;0;0;0;0;0;0;0;0;0;0;0;0;0;0;0;0;0;0;0;0;0;0
DB1401;EDCO;CTM; ;-4.445730995150768;141.75470514043064;135.7616661818932;146.68130743610865;138.7086958332556;136.0779230094071;123.81697964478502;116.10234799256332;105.14923463262969;103.66001560813125;101.81749573839666;96.27202730437834;0.0;54.29230396440461;51.189100585900015;52.20228252414093;56.0853883078672;57.23270249845076;57.10999285121668;56.51009025783336;56.509973504600005;56.50993335075845;56.50999233576668;56.50999233576668;0.0;74.83994972959384;80.6091399536182;82.20005077312729;0.0;0.0;0.0;0.0;0.0;0.0;0.0;0.0;0.0;0.0;0.0;0.0;0.0;0.0;0.0;0.0;0.0;0.0;0.0;0.0;0;0;0;0;0;0;0;0;0;0;0;0;0;0;0;0;0;0;0;0;0;0;0;0
DB1401;EDCO;PSA; ;0.9898148486676952;35.63591942666354;36.17852608234364;37.064448614186375;33.65286811846095;32.91763649108847;31.298242636266664;30.37679146945333;25.43186057456516;24.347263078386774;24.19379821910333;23.41852436016333;0.0;3.41999815518;2.7154522051590906;1.919998685736364;1.9200004489531253;1.9199999111784611;1.9199993897;1.9199993897;1.920000448953125;1.9199999111784611;1.9199993897;1.9199993897;0.0;19.9999851707077;20.000013089454548;20.00001308945455;0.0;0.0;0.0;0.0;0.0;0.0;0.0;0.0;0.0;0.0;0.0;0.0;0.0;0.0;0.0;0.0;0.0;0.0;0.0;0.0;0;0;0;0;0;0;0;0;0;0;0;0;0;0;0;0;0;0;0;0;0;0;0;0
DB1401;EDCO;SDM; ;-14.353923774484606;83.41168727788616;85.94155542974453;88.07608087929864;76.50458618851127;75.61143528045801;73.88343104661166;69.63007591862001;59.36757517614;57.29748900089417;56.56611128386167;55.545340777815;0.0;18.312309835855384;16.522732587254545;23.926687845786365;32.853425598743755;35.96795652509231;39.70000115106668;39.70007647573336;40.95998174284844;40.95995094031076;40.95999827896669;40.95999827896669;0.0;59.11534373636307;58.566702728554574;61.90004013379547;0.0;0.0;0.0;0.0;0.0;0.0;0.0;0.0;0.0;0.0;0.0;0.0;0.0;0.0;0.0;0.0;0.0;0.0;0.0;0.0;0;0;0;0;0;0;0;0;0;0;0;0;0;0;0;0;0;0;0;0;0;0;0;0
DB1500;TO;CTM; ;253.17020415093413;262.46309158525474;0.0;0.0;-0.0493006416546875;-0.0739882332538461;0.0;0.0;0.0;0.0;0.0;0.0;112.65247735596462;110.91291258719538;0.0;0.0;0.0;0.0;0.0;0.0;0.0;0.0;0.0;0.0;117.00951991493994;116.84470368679844;0.0;0.0;0.0;0.0;0.0;0.0;0.0;0.0;0.0;0.0;0.0;0.0;0.0;0.0;0.0;0.0;0.0;0.0;0.0;0.0;0.0;0.0;0;0;0;0;0;0;0;0;0;0;0;0;0;0;0;0;0;0;0;0;0;0;0;0
DB1500;TO;PSA; ;33.72016455912462;34.39757292301292;0.0;0.0;0.0;0.0;0.0;0.0;0.0;0.0;0.0;0.0;7.799975790203077;8.030762272236924;0.0;0.0;0.0;0.0;0.0;0.0;0.0;0.0;0.0;0.0;13.138474150546156;14.79998979408923;0.0;0.0;0.0;0.0;0.0;0.0;0.0;0.0;0.0;0.0;1.4999950489753848;1.499998887803077;0.0;0.0;0.0;0.0;0.0;0.0;0.0;0.0;0.0;0.0;0;0;0;0;0;0;0;0;0;0;0;0;0;0;0;0;0;0;0;0;0;0;0;0
DB1500;TO;RBM; ;0.0;0.0;0.0;0.0;0.0;0.0;0.0;0.0;0.0;0.0;0.0;0.0;0.0;0.0;0.0;0.0;0.0;0.0;0.0;0.0;0.0;0.0;0.0;0.0;0.0;0.0;0.0;0.0;0.0;0.0;0.0;0.0;0.0;0.0;0.0;0.0;0.0;0.0;0.0;0.0;0.0;0.0;0.0;0.0;0.0;0.0;0.0;0.0;0;0;0;0;0;0;0;0;0;0;0;0;0;0;0;0;0;0;0;0;0;0;0;0
DB1500;TO;SDM; ;0.400000087296923;0.0;0.1000004435136363;0.0;0.0;0.0;0.0;0.1030290790666666;0.19999899486875;0.1507681145384615;0.05151642265;0.0;0.0;0.0;0.0;0.0;0.0;0.0;0.0;0.0;0.0;0.0;0.0;0.0;0.0;0.0;0.0;0.0;0.0;0.0;0.0;0.0;0.0;0.0;0.0;0.0;0.0;0.0;0.0;0.0;0.0;0.0;0.0;0.0;0.0;0.0;0.0;0.0;0;0;0;0;0;0;0;0;0;0;0;0;0;0;0;0;0;0;0;0;0;0;0;0
DB1501;EDOO;CTM; ;42.88793193082154;0.0;0.0;0.0;0.0;0.0;0.0;0.0;0.0;0.0;0.0;0.0;25.773879529084617;0.0;0.0;0.0;0.0;0.0;0.0;0.0;0.0;0.0;0.0;0.0;14.75385860171077;0.0;0.0;0.0;0.0;0.0;0.0;0.0;0.0;0.0;0.0;0.0;0.0;0.0;0.0;0.0;0.0;0.0;0.0;0.0;0.0;0.0;0.0;0.0;0;0;0;0;0;0;0;0;0;0;0;0;0;0;0;0;0;0;0;0;0;0;0;0
DB1501;EDOO;PSA; ;6.211058136563078;0.0;0.0;0.0;0.0;0.0;0.0;0.0;0.0;0.0;0.0;0.0;0.7499975244876924;0.0;0.0;0.0;0.0;0.0;0.0;0.0;0.0;0.0;0.0;0.0;4.000004711796923;0.0;0.0;0.0;0.0;0.0;0.0;0.0;0.0;0.0;0.0;0.0;0.0;0.0;0.0;0.0;0.0;0.0;0.0;0.0;0.0;0.0;0.0;0.0;0;0;0;0;0;0;0;0;0;0;0;0;0;0;0;0;0;0;0;0;0;0;0;0
DB1501;EDOO;SDM; ;28.007589714890766;0.1786705572830769;-0.067361974340909;0.0;0.0;0.0;0.0;0.0;0.0;0.0;0.0;0.0;7.813853152310768;0.0;0.0;0.0;0.0;0.0;0.0;0.0;0.0;0.0;0.0;0.0;17.800018280316927;0.0;0.0;0.0;0.0;0.0;0.0;0.0;0.0;0.0;0.0;0.0;0.0;0.0;0.0;0.0;0.0;0.0;0.0;0.0;0.0;0.0;0.0;0.0;0;0;0;0;0;0;0;0;0;0;0;0;0;0;0;0;0;0;0;0;0;0;0;0
DB1502;CDMS;COD; ;0.0493596464676926;11.392934246473848;12.05206003061818;16.05846898304091;8.181176501599063;8.180851130001848;8.304352610411668;7.618358630820002;12.55820348063531;11.985818637704154;12.306013754346669;12.870350299870005;0.0;3.650003435778462;4.178035958859091;4.500004835459091;4.500006514007813;4.500006603636924;4.500004807433334;4.500004807433334;4.500008455971876;4.500006603636924;4.500004807433334;4.500004807433334;0.0;1.9999985170707693;2.0000013089454547;2.0000013089454547;0.0;0.0;0.0;0.0;0.0;0.0;0.0;0.0;0.0;2.6999991496938462;2.700000632877273;2.700000632877273;0.0;0.0;0.0;0.0;0.0;0.0;0.0;0.0;0;0;0;0;0;0;0;0;0;0;0;0;0;0;0;0;0;0;0;0;0;0;0;0
DB1502;CDMS;DAC; ;11.38269474942877;11.107557331358768;11.595288945599092;11.172895813091817;10.947347786326876;12.241994601665231;12.690110989418333;12.603005921508334;12.76357161774406;12.922102778436924;13.029850281536667;13.033414644763337;2.8329281556092307;2.9699992566046154;3.380455816140909;3.600000843836364;4.500006514007813;4.499993219023077;4.499999158083334;4.500008573666667;4.4999968041875;4.499993219023077;4.499999158083334;4.499999158083334;0.0;0.0;0.0;0.0;0.0;0.0;0.0;0.0;0.0;0.0;0.0;0.0;0.0;0.0;0.0;0.0;0.0;0.0;0.0;0.0;0.0;0.0;0.0;0.0;0;0;0;0;0;0;0;0;0;0;0;0;0;0;0;0;0;0;0;0;0;0;0;0
DB1502;CDMS;DBD; ;37.47563690662847;53.5946841727163;54.75186888714592;54.78950010071683;52.46108601909657;51.04386375266878;50.051113454790006;42.617946731255;46.05737640694094;51.63800006899262;52.98667577970667;47.27335856628;10.15001013274154;9.706928801667692;9.700003323854546;11.710915628054549;15.26719130318594;16.584446709126155;18.11182174935;18.30003737706667;18.29999736083749;18.299985171278458;18.300005364083333;18.30000536408333;4.923081541033847;10.981530921516924;9.920003921518182;9.920003921518182;0.0;0.0;0.0;0.0;0.0;0.0;0.0;0.0;16.20002944761231;15.341533216643075;15.300003586304545;16.200003797263637;0.0;0.0;0.0;0.0;0.0;0.0;0.0;0.0;0;0;0;0;0;0;0;0;0;0;0;0;0;0;0;0;0;0;0;0;0;0;0;0
DB1502;CDMS;DMP; ;31.516450205140615;43.4632894751617;44.57233790771226;45.41148588001273;39.97790857224828;41.28484523263693;40.651661840381664;40.37666730056167;42.48050930914657;42.458141629643386;44.08954798418334;44.63929602489;4.100006173181538;5.899999848069231;5.900001592990909;8.960915718586364;11.060774800075002;12.32890816530154;14.283180046566669;14.5000284632;14.4999931547625;14.49998239926923;14.500000216449996;14.50000021645;11.00001295744154;21.06844608230769;21.041529211318185;20.89001344509545;0.0;0.0;0.0;0.0;0.0;0.0;0.0;0.0;12.281561436;13.126149594239996;13.500003164386362;13.50000316438636;0.0;0.0;0.0;0.0;0.0;0.0;0.0;0.0;0;0;0;0;0;0;0;0;0;0;0;0;0;0;0;0;0;0;0;0;0;0;0;0
DB1502;CDMS;DOS; ;120.08038436916;124.94291608100306;130.91668807677272;129.84872942633683;129.5794957821427;129.15107099680586;148.96839014342834;135.39104101573167;126.19451279398908;139.52726228326094;140.17005422616;145.06207797554669;0.0;0.0;0.0;3.321825284468181;11.467938637203126;14.020589509316924;17.5295375955;18.00003429466667;17.99998721675;17.999972876092308;17.999996632333335;17.999996632333335;117.99797773801842;122.2109951596338;123.88371421822276;110.55006970549552;0.0;0.0;0.0;0.0;0.0;0.0;0.0;0.0;0.0;0.0;0.0;0.0;0.0;0.0;0.0;0.0;0.0;0.0;0.0;0.0;0;0;0;0;0;0;0;0;0;0;0;0;0;0;0;0;0;0;0;0;0;0;0;0
DB1502;CDMS;PSA; ;2.2999990623969238;2.300000981810769;2.3000007491545458;2.3000007491545458;2.300000092775;2.2999986587092307;2.299999151216667;2.2999972681000003;0.0;0.0;0.0;0.0;0.0;0.0;0.0;0.0;0.0;0.0;0.0;0.0;0.0;0.0;0.0;0.0;0.0;0.0;0.0;0.0;0.0;0.0;0.0;0.0;0.0;0.0;0.0;0.0;2.249992573463077;2.2499983317046155;2.249995801568182;2.249995801568182;0.0;0.0;0.0;0.0;0.0;0.0;0.0;0.0;0;0;0;0;0;0;0;0;0;0;0;0;0;0;0;0;0;0;0;0;0;0;0;0
DB1502;CDMS;RBM; ;37.26087465108923;57.91427436096;65.77762524120728;72.1964429572532;71.87610457543141;77.23786529351202;80.71871651419333;82.90941128836333;83.55280027122876;86.57089591525524;87.64700271134501;87.80664185533334;12.24309446310923;12.699999412703075;11.800003185981817;14.327433536845454;22.11030757019219;24.56319667114923;27.723633371816664;28.100055211666668;28.099986948687505;28.09996615473385;28.10000060128333;28.100000601283337;8.609239056018462;8.159226721546155;8.305004603650001;8.980006179618183;0.0;0.0;0.0;0.0;0.0;0.0;0.0;0.0;18.17387787044308;20.67384338674615;23.85152069136819;24.10000480886819;0.0;0.0;0.0;0.0;0.0;0.0;0.0;0.0;0;0;0;0;0;0;0;0;0;0;0;0;0;0;0;0;0;0;0;0;0;0;0;0
DB1502;CDMS;SCI; ;0.0;3.700000327643077;3.699999397018182;3.699999397018182;0.0;0.0;0.0;0.0;12.099999390445314;12.09999876304154;12.09999815465;12.099998154650002;0.0;1.6738478775046155;0.8500009343681818;0.9787892411409091;1.70000310816875;1.7000027496523078;1.7000024020000002;1.7000024020000002;1.70000310816875;1.7000027496523078;1.7000024020000002;1.7000024020000002;0.0;0.0;0.0;0.0;0.0;0.0;0.0;0.0;0.0;0.0;0.0;0.0;0.0;0.8999997165646154;0.900000210959091;0.900000210959091;0.0;0.0;0.0;0.0;0.0;0.0;0.0;0.0;0;0;0;0;0;0;0;0;0;0;0;0;0;0;0;0;0;0;0;0;0;0;0;0
DB1502;CDMS;SDM; ;137.19836465939167;147.11966242870156;145.5775133873291;140.65864599209957;142.0944521114989;138.09710768940477;147.79897394018167;140.61781775261505;125.94080800618626;132.2876477923237;126.78999885500669;128.0718471037717;46.43156529007385;47.47310834189538;47.10637515731364;54.24123601053182;64.26442049274846;68.03289272957691;71.87366518021668;72.25014351356668;72.25001557932812;72.24996771738307;72.25003240968334;72.25003240968334;24.22771873828154;23.052290812449236;23.836982149354554;23.64001335456365;0.0;0.0;0.0;0.0;0.0;0.0;0.0;0.0;53.29394196588002;53.31598259507537;52.793648259145485;52.33001224509548;0.0;0.0;0.0;0.0;0.0;0.0;0.0;0.0;0;0;0;0;0;0;0;0;0;0;0;0;0;0;0;0;0;0;0;0;0;0;0;0
DB1503;SPAR;PRG; ;-2.194609806346128;-2.753553291239543;253.9531100170896;244.1927793997223;254.2944176122712;264.7199566823054;275.8412574304684;283.01629254731;247.25720689212807;237.93677858940345;215.62611404006168;217.75957261301832;0.0;0.0;70.31113772040909;83.38432286356822;83.92014180489844;83.92012343093077;83.92010373063333;83.92010373063333;83.92014374686248;83.92012343093079;83.92010373063333;83.92010373063333;0.0;0.0;59.37564565583184;54.99003614068183;0.0;0.0;0.0;0.0;0.0;0.0;0.0;0.0;0.0;0.0;78.27274653630002;78.69547198914094;0.0;0.0;0.0;0.0;0.0;0.0;0.0;0.0;0;0;0;0;0;0;0;0;0;0;0;0;0;0;0;0;0;0;0;0;0;0;0;0
DB1503;SPAR;PRG-SDTM; ;0.2381013682015424;-0.3022961642861581;36.17158062517728;39.34155744502272;39.270390669197184;38.805915128560464;42.071130326575;40.53702748992167;35.99801654533219;36.35542006297384;36.739819900408335;36.49492999349167;0.0;0.0;4.950003995772727;4.950003995772727;4.950008136390625;4.950006881583077;4.950005664800001;4.950005664800001;4.950008136390625;4.950006881583077;4.950005664800001;4.950005664800001;0.0;0.0;3.000001963418182;3.000001963418182;0.0;0.0;0.0;0.0;0.0;0.0;0.0;0.0;0.0;0.0;13.609094213613634;13.500003164386364;0.0;0.0;0.0;0.0;0.0;0.0;0.0;0.0;0;0;0;0;0;0;0;0;0;0;0;0;0;0;0;0;0;0;0;0;0;0;0;0
DB1600;BP;PRG; ;284.6237004610417;286.10357141554704;0.0;0.0;0.0;0.0;0.0;0.0;0.0;0.0;0.0;0.0;68.62082429663539;67.98314895101078;0.0;0.0;0.0;0.0;0.0;0.0;0.0;0.0;0.0;0.0;54.076991796798445;56.36918844191077;0.0;0.0;0.0;0.0;0.0;0.0;0.0;0.0;0.0;0.0;100.56479591256458;101.65842993675696;0.0;0.0;0.0;0.0;0.0;0.0;0.0;0.0;0.0;0.0;0;0;0;0;0;0;0;0;0;0;0;0;0;0;0;0;0;0;0;0;0;0;0;0
DB1600;BP;PRG-ECB; ;0.0;0.0245992078523076;0.0;0.0;0.0;0.0;0.0;0.0;0.0;0.0;0.0;0.0;0.0;0.0;0.0;0.0;0.0;0.0;0.0;0.0;0.0;0.0;0.0;0.0;0.0;0.0;0.0;0.0;0.0;0.0;0.0;0.0;0.0;0.0;0.0;0.0;0.0;0.0;0.0;0.0;0.0;0.0;0.0;0.0;0.0;0.0;0.0;0.0;0;0;0;0;0;0;0;0;0;0;0;0;0;0;0;0;0;0;0;0;0;0;0;0
DB1600;BP;PRG-SDTM; ;35.62350139490307;32.63748846858;0.0;0.0;0.0;0.0;0.0;0.0;0.0;0.0;0.0;0.0;4.950003239640001;4.950005159053847;0.0;0.0;0.0;0.0;0.0;0.0;0.0;0.0;0.0;0.0;3.0000035338476927;2.999997775606154;0.0;0.0;0.0;0.0;0.0;0.0;0.0;0.0;0.0;0.0;14.400026175655388;13.915379937743072;0.0;0.0;0.0;0.0;0.0;0.0;0.0;0.0;0.0;0.0;0;0;0;0;0;0;0;0;0;0;0;0;0;0;0;0;0;0;0;0;0;0;0;0
DB1600;BP;STD-RES; ;17.999800470493852;17.84999981687077;0.0;0.0;0.0;0.0;0.0;0.0;0.0;0.0;0.0;0.0;8.225369722684617;7.610001804779999;0.0;0.0;0.0;0.0;0.0;0.0;0.0;0.0;0.0;0.0;2.0000023558984616;1.9999985170707693;0.0;0.0;0.0;0.0;0.0;0.0;0.0;0.0;0.0;0.0;0.0;0.0;0.0;0.0;0.0;0.0;0.0;0.0;0.0;0.0;0.0;0.0;0;0;0;0;0;0;0;0;0;0;0;0;0;0;0;0;0;0;0;0;0;0;0;0
DB1600;BP;STT; ;209.9777326449231;207.3491268610025;0.0030302019045454;0.0;0.0;0.0;0.0;0.0;0.0;0.0;0.0;0.0;88.00750491932308;84.46618637316922;0.0;0.0;0.0;0.0;0.0;0.0;0.0;0.0;0.0;0.0;52.50697461130152;60.50842167586615;0.0;0.0;0.0;0.0;0.0;0.0;0.0;0.0;0.0;0.0;17.461566117410776;21.18307155778615;0.0;0.0;0.0;0.0;0.0;0.0;0.0;0.0;0.0;0.0;0;0;0;0;0;0;0;0;0;0;0;0;0;0;0;0;0;0;0;0;0;0;0;0
DB1600;BP;STT-BM; ;20.113971481375387;21.956338136330768;0.0022721788454545;0.0;0.0;0.0;0.0;0.0;0.0;0.0;0.0;0.0;6.289986353330771;6.536155017927692;0.0;0.0;0.0;0.0;0.0;0.0;0.0;0.0;0.0;0.0;6.0000070676953845;5.999995551212308;0.0;0.0;0.0;0.0;0.0;0.0;0.0;0.0;0.0;0.0;0.0;0.0;0.0;0.0;0.0;0.0;0.0;0.0;0.0;0.0;0.0;0.0;0;0;0;0;0;0;0;0;0;0;0;0;0;0;0;0;0;0;0;0;0;0;0;0
DB1600;BP;STT-ECB; ;23.655884853880156;24.215930850086767;0.0194942359081818;0.0089885277954545;0.1946721874453125;0.0;0.0;0.0;0.0;0.0;0.0;0.0;5.786909903667692;5.109999819613846;0.0;0.0;0.0;0.0;0.0;0.0;0.0;0.0;0.0;0.0;8.870010621156924;8.869995265846155;0.0;0.0;0.0;0.0;0.0;0.0;0.0;0.0;0.0;0.0;1.0000011779492308;0.9999992585353846;0.0;0.0;0.0;0.0;0.0;0.0;0.0;0.0;0.0;0.0;0;0;0;0;0;0;0;0;0;0;0;0;0;0;0;0;0;0;0;0;0;0;0;0
DB1700;GRSM;CTAM; ;3.5999988662584617;3.599998866258461;3.599998953504546;3.599998953504546;0.0;0.0;0.0;0.0;3.5999974433500004;3.5999983993938467;3.5999993264666665;3.5999993264666665;3.600006543913846;3.5999988662584617;3.1090911223136364;3.600000843836364;3.60000521120625;3.599994575218462;3.599999326466667;3.600006858933334;3.5999974433500004;3.599994575218462;3.599999326466667;3.599999326466667;0.0;0.0;0.0;0.0;0.0;0.0;0.0;0.0;0.0;0.0;0.0;0.0;0.0;0.0;0.0;0.0;0.0;0.0;0.0;0.0;0.0;0.0;0.0;0.0;0;0;0;0;0;0;0;0;0;0;0;0;0;0;0;0;0;0;0;0;0;0;0;0
DB1700;GRSM;FM; ;20.23707577557785;20.384022836635843;19.42398626295545;14.224316125196818;16.22159362205594;14.38888876588477;9.503511699850002;10.287223992885;8.896595673831252;7.640126497648616;8.2794839834;5.406812294111667;9.540016573606154;9.539997379467692;9.5400018581;9.5400018581;9.540013032910938;9.539984859493847;9.539997085266666;9.540017799550002;9.539993613270314;9.539984859493844;9.539997085266668;9.539997085266666;0.0;0.0;0.0;0.0;0.0;0.0;0.0;0.0;0.0;0.0;0.0;0.0;0.0;0.0;0.0;0.0;0.0;0.0;0.0;0.0;0.0;0.0;0.0;0.0;0;0;0;0;0;0;0;0;0;0;0;0;0;0;0;0;0;0;0;0;0;0;0;0
DB1700;GRSM;IRL; ;5.274276692464617;5.274286289533848;5.13677066974091;5.112674610054545;0.0;0.0;0.0;0.0;5.200001054084376;5.200000874826154;5.200000701;5.200000701;4.549985877618461;4.549985877618461;4.549987099063637;4.549987099063637;4.550004320760938;4.549992400089231;4.549994022466667;4.549994022466667;4.549990727012499;4.549992400089231;4.549994022466667;4.549994022466667;0.0;0.0;0.0;0.0;0.0;0.0;0.0;0.0;0.0;0.0;0.0;0.0;0.0;0.0;0.0;0.0;0.0;0.0;0.0;0.0;0.0;0.0;0.0;0.0;0;0;0;0;0;0;0;0;0;0;0;0;0;0;0;0;0;0;0;0;0;0;0;0
DB1700;GRSM;RTM;AP;18.92544355604308;21.32846139839077;23.712503799127276;23.131745472087268;23.649295446868432;25.432603823964616;26.0724394707;26.375048786566666;25.6718259666258;25.808393875275847;26.760909372085003;26.548294954964994;13.950023438252307;13.949994647044612;13.9500023247;13.9500023247;13.95001922244219;13.949978022927688;13.9499964485;13.95002657836667;13.949990092981247;13.949978022927688;13.9499964485;13.9499964485;5.400009815870769;5.399998299387692;5.400001265754545;5.400001265754545;0.0;0.0;0.0;0.0;0.0;0.0;0.0;0.0;0.0;0.0;0.0;0.0;0.0;0.0;0.0;0.0;0.0;0.0;0.0;0.0;0;0;0;0;0;0;0;0;0;0;0;0;0;0;0;0;0;0;0;0;0;0;0;0
DB1700;GRSM;RTM;EUR;28.16430025836;27.564369034371698;30.888274268388628;32.302280842124546;28.48738625237313;32.80707384445616;34.56400909205999;35.82002719444334;35.52607597234609;35.54809916236277;36.46022189358501;35.92613629913;16.56694843727077;15.377531823327692;14.380912914313637;15.526367040868182;16.290019890976566;16.483819270143073;17.189994712449998;17.19003049166667;18.89998463562344;18.899969607809226;18.899994580833333;18.899994580833336;8.833858461364613;9.124615109607692;9.540003748431818;9.540003748431818;0.0;0.0;0.0;0.0;0.0;0.0;0.0;0.0;0.0;0.0;0.0;0.0;0.0;0.0;0.0;0.0;0.0;0.0;0.0;0.0;0;0;0;0;0;0;0;0;0;0;0;0;0;0;0;0;0;0;0;0;0;0;0;0
DB1700;GRSM;RTM;LAM;10.560906732443076;10.970488533660005;10.504061633713638;10.518978242090908;8.381338233056251;7.9145975078584625;7.317830912116667;6.79720188105;6.17435045101875;6.219657966415385;6.024291710150001;5.3306814652;6.300011451849231;6.299998015952307;5.326817069413636;4.270000601813637;4.2700061163375;4.269995838866155;5.170000769383334;5.170010184966667;6.06999707015625;6.069993126475385;6.070000601;6.070000601;1.800003271956923;1.7999994331292308;1.800000421918182;1.800000421918182;0.0;0.0;0.0;0.0;0.0;0.0;0.0;0.0;0.0;0.0;0.0;0.0;0.0;0.0;0.0;0.0;0.0;0.0;0.0;0.0;0;0;0;0;0;0;0;0;0;0;0;0;0;0;0;0;0;0;0;0;0;0;0;0
DB1700;GRSM;RTM;NAM;7.358562429761539;5.528635495943078;5.707707588786364;5.938793848364546;6.163421271471407;8.094132790518923;9.154690512671667;10.483385808;10.08962711929047;10.738032658050924;11.670627028678336;12.54315576605;1.800003271956923;1.7999994331292308;0.968182589309091;1.800000421918182;1.800002605603125;1.799997287609231;1.7999996632333335;1.800003429466667;1.7999987216750002;1.799997287609231;1.7999996632333335;1.7999996632333335;2.7000049079353845;2.6999991496938462;2.700000632877273;2.700000632877273;0.0;0.0;0.0;0.0;0.0;0.0;0.0;0.0;0.0;0.0;0.0;0.0;0.0;0.0;0.0;0.0;0.0;0.0;0.0;0.0;0;0;0;0;0;0;0;0;0;0;0;0;0;0;0;0;0;0;0;0;0;0;0;0
DB1700;GRSM;RTM;TBD;0.2231107460630769;0.1599908217323077;0.1502379019136363;0.1685608882272727;0.95905837190625;0.8815718547138462;0.8830875608333335;0.9597454741;2.1663560679578127;2.1442667645215385;2.173284230716667;2.209234811;0.0;0.0;0.0;0.0;0.0;0.0;0.0;0.0;0.0;0.0;0.0;0.0;0.0;0.0;0.0;0.0;0.0;0.0;0.0;0.0;0.0;0.0;0.0;0.0;0.0;0.0;0.0;0.0;0.0;0.0;0.0;0.0;0.0;0.0;0.0;0.0;0;0;0;0;0;0;0;0;0;0;0;0;0;0;0;0;0;0;0;0;0;0;0;0
DB1700;GRSM;SCI; ;4.500641586461539;4.500637747633846;4.50063998695;4.50063998695;4.501362004923438;4.501362273810769;4.50136253455;4.501362534549999;4.501362004923437;4.501362273810769;4.50136253455;4.50136253455;2.693849347730769;3.295389808287693;3.400003737472727;4.250004671840909;4.250007770421876;4.2500068741307695;4.250006005;4.250006005;4.250007770421876;4.2500068741307695;4.250006005;4.250006005;0.0;0.0;0.0;0.0;0.0;0.0;0.0;0.0;0.0;0.0;0.0;0.0;0.0;0.0;0.0;0.0;0.0;0.0;0.0;0.0;0.0;0.0;0.0;0.0;0;0;0;0;0;0;0;0;0;0;0;0;0;0;0;0;0;0;0;0;0;0;0;0
DB1701;CSU;CPA;AP;47.28089440051385;55.52346091961167;71.44493246934226;77.62346557118269;77.30770154485984;81.80041150534508;85.92550453259503;91.05496104689834;88.76336619240237;86.63558031221585;91.7964689292;96.36057596952502;0.0;0.0;0.0;0.0;0.0;0.0;0.0;0.0;0.0;0.0;0.0;0.0;65.40242793595846;64.64074501997537;71.28410662988185;72.68183498923185;0.0;0.0;0.0;0.0;0.0;0.0;0.0;0.0;0.0;0.0;0.0;0.0;0.0;0.0;0.0;0.0;0.0;0.0;0.0;0.0;0;0;0;0;0;0;0;0;0;0;0;0;0;0;0;0;0;0;0;0;0;0;0;0
DB1701;CSU;CPA;EUR;53.52134759236522;59.13438029094786;74.86008267954136;83.41043723053681;79.5088554726572;79.88398260914079;86.43661177254833;88.80210252013335;85.62155827451191;88.18391435402661;92.35115694985834;95.84830439853668;0.0;0.0;0.0;0.0;0.0;0.0;0.0;0.0;0.0;0.0;0.0;0.0;81.60244778650151;77.46228555624462;84.14456706254548;84.69002041835003;0.0;0.0;0.0;0.0;0.0;0.0;0.0;0.0;0.0;0.0;0.0;0.0;0.0;0.0;0.0;0.0;0.0;0.0;0.0;0.0;0;0;0;0;0;0;0;0;0;0;0;0;0;0;0;0;0;0;0;0;0;0;0;0
DB1701;CSU;CPA;LAM;31.759766428820765;37.38157468750801;46.43997326788592;50.03082528378862;57.97359705734954;61.7860469794734;60.15934815006667;64.33208818342834;64.11688715256345;63.6342019164923;68.65035001175168;72.69388074827668;0.0;0.0;0.0;0.0;0.0;0.0;0.0;0.0;0.0;0.0;0.0;0.0;58.19549152238771;63.30460265339076;73.10456233240456;73.80001729864549;0.0;0.0;0.0;0.0;0.0;0.0;0.0;0.0;0.0;0.0;0.0;0.0;0.0;0.0;0.0;0.0;0.0;0.0;0.0;0.0;0;0;0;0;0;0;0;0;0;0;0;0;0;0;0;0;0;0;0;0;0;0;0;0
DB1701;CSU;CPA;NAM;45.29022231532155;49.659721486275686;61.975799718205465;61.33283851042274;54.46143911506377;61.66567570539707;69.75649142357;77.19375769208833;72.835639699515;70.0368872113206;75.96652792405834;81.02448965437166;0.0;0.0;0.0;0.0;0.0;0.0;0.0;0.0;0.0;0.0;0.0;0.0;34.89236978910924;31.56921757895076;28.840915421568194;28.800006750690912;0.0;0.0;0.0;0.0;0.0;0.0;0.0;0.0;0.0;0.0;0.0;0.0;0.0;0.0;0.0;0.0;0.0;0.0;0.0;0.0;0;0;0;0;0;0;0;0;0;0;0;0;0;0;0;0;0;0;0;0;0;0;0;0
DB1701;CSU;CPA;TBD;0.0134205416123076;0.0134205416123076;0.0134213559090909;0.0262361043377272;0.1127347035598437;0.1194878895624615;0.1297640630066666;0.1452378209683333;15.27273910611969;15.637906130011846;16.8312101433;17.139050945578333;0.0;0.0;0.0;0.0;0.0;0.0;0.0;0.0;0.0;0.0;0.0;0.0;0.0;0.0;0.0;0.0;0.0;0.0;0.0;0.0;0.0;0.0;0.0;0.0;0.0;0.0;0.0;0.0;0.0;0.0;0.0;0.0;0.0;0.0;0.0;0.0;0;0;0;0;0;0;0;0;0;0;0;0;0;0;0;0;0;0;0;0;0;0;0;0
DB1701;CSU;CPL;AP;110.4809508044151;113.30834260272644;113.1977480330105;120.47629036126406;119.20335167346376;121.01777004595388;121.87073883602334;118.32827531463168;112.50294684987531;115.63543210637172;119.18589259267831;119.88086188292668;52.13084243518154;53.78259210107537;54.220911162822745;55.8027313766182;56.86600931189064;57.32990538837692;57.32998042333334;57.33010659215002;57.32995812017033;57.32990538837692;57.32998042333334;57.32998042333334;32.46236306867078;33.791528365924606;36.197735256213655;34.20000801644546;0.0;0.0;0.0;0.0;0.0;0.0;0.0;0.0;0.0;0.0;0.0;0.0;0.0;0.0;0.0;0.0;0.0;0.0;0.0;0.0;0;0;0;0;0;0;0;0;0;0;0;0;0;0;0;0;0;0;0;0;0;0;0;0
DB1701;CSU;CPL;EUR;208.445324646269;206.1010905804323;217.7059590297173;221.32461404600176;203.5884177351905;191.8447491005253;192.00461173569656;186.01016215198672;172.435893208798;173.35062450321;179.46433224204338;180.07403645767667;70.13165635618616;68.75783205697384;72.19881551271821;76.33002228144548;80.07587246998281;78.64680355354308;78.1899717918667;79.93557574706671;80.16993538327809;80.16987700485078;80.16997292791669;80.1699729279167;114.9345068659338;119.39458547958463;120.02866224415006;115.27639073722275;0.0;0.0;0.0;0.0;0.0;0.0;0.0;0.0;2.5615441513153847;2.6999991496938462;1.800000421918182;1.5409096525863637;0.0;0.0;0.0;0.0;0.0;0.0;0.0;0.0;0;0;0;0;0;0;0;0;0;0;0;0;0;0;0;0;0;0;0;0;0;0;0;0
DB1701;CSU;CPL;LAM;64.44103365616941;70.02811300043122;71.89315849841043;71.2244800823741;68.88064151571967;65.85039816944939;63.61908315499331;61.460686468020015;50.2932521164872;51.88171285416645;53.54851870214;53.73360157697;22.78542318893538;23.96230219163538;27.23819002819545;30.47000716314091;31.60004703745313;31.599956631556918;31.599997017166668;31.600061043133337;31.599981010675;31.599956631556918;31.599997017166668;31.599997017166665;32.081597427526155;32.26152903970614;32.14091682519546;33.300007805486366;0.0;0.0;0.0;0.0;0.0;0.0;0.0;0.0;0.0;0.0;0.0;0.0;0.0;0.0;0.0;0.0;0.0;0.0;0.0;0.0;0;0;0;0;0;0;0;0;0;0;0;0;0;0;0;0;0;0;0;0;0;0;0;0
DB1701;CSU;CPL;NAM;94.27325656149092;94.5107070564572;99.88964776317545;100.52841356852088;95.12237412219612;98.4326399474406;104.41100555068168;105.60518906926332;100.0863352703758;101.04282378148542;103.4946069741967;104.23431214891336;43.77084694474156;45.92767884776768;50.83637601061821;52.97728454362276;53.10007686529221;53.09991998447229;53.09999006538336;53.10010116926669;53.09996228941252;53.09991998447229;53.099990065383366;53.09999006538336;35.39083004847232;39.41998681776462;40.52728131030001;40.50000949315911;0.0;0.0;0.0;0.0;0.0;0.0;0.0;0.0;0.0;0.0;0.0;0.0;0.0;0.0;0.0;0.0;0.0;0.0;0.0;0.0;0;0;0;0;0;0;0;0;0;0;0;0;0;0;0;0;0;0;0;0;0;0;0;0
DB1701;CSU;CPL;TBD;0.6496352133000001;0.6688888535907692;0.6566974929727273;0.8554431996727273;1.4864181327187498;1.2028656859153846;1.1656134374500002;1.2515795964;29.706672857760932;30.375210926178465;34.31748125026667;34.68003770210001;0.0;0.0;0.0;0.0;0.0;0.0;0.0;0.0;0.0;0.0;0.0;0.0;0.0;0.0;0.0;0.0;0.0;0.0;0.0;0.0;0.0;0.0;0.0;0.0;0.0;0.0;0.0;0.0;0.0;0.0;0.0;0.0;0.0;0.0;0.0;0.0;0;0;0;0;0;0;0;0;0;0;0;0;0;0;0;0;0;0;0;0;0;0;0;0
DB1701;CSU;CQL;AP;5.199999215446153;5.20000113486;5.200000378727273;5.200000378727273;4.599998243585938;4.599999229506154;4.599998302433334;4.599998302433334;0.0;0.0;0.0;0.0;3.439994608629231;3.4399926892153845;3.4399937070863635;3.4399937070863635;3.440000966204688;3.439996813389231;3.4399965526500003;3.4399946695333337;3.4399951403125;3.439996813389231;3.4399965526500003;3.4399965526500003;0.0;0.0;0.0;0.0;0.0;0.0;0.0;0.0;0.0;0.0;0.0;0.0;0.0;0.0;0.0;0.0;0.0;0.0;0.0;0.0;0.0;0.0;0.0;0.0;0;0;0;0;0;0;0;0;0;0;0;0;0;0;0;0;0;0;0;0;0;0;0;0
DB1701;CSU;CQL;TBD;0.0;0.0;0.0;0.0;0.0;0.0;0.0;0.0;5.200001054084376;5.200000874826154;5.200000701;5.200000701;0.0;0.0;0.0;0.0;0.0;0.0;0.0;0.0;0.0;0.0;0.0;0.0;0.0;0.0;0.0;0.0;0.0;0.0;0.0;0.0;0.0;0.0;0.0;0.0;0.0;0.0;0.0;0.0;0.0;0.0;0.0;0.0;0.0;0.0;0.0;0.0;0;0;0;0;0;0;0;0;0;0;0;0;0;0;0;0;0;0;0;0;0;0;0;0
DB1701;CSU;CRA;AP;193.933293378918;206.71794450853665;229.19396105877644;255.77588818128405;253.32359967698437;264.1347039254;274.4856137940817;288.0769369656267;275.0120040970105;269.2216782373935;284.3007933542117;292.9309549012;0.0;0.0;0.0;0.0;0.0;0.0;0.0;0.0;0.0;0.0;0.0;0.0;190.25402982264455;188.31434120803385;192.1435923921045;194.35586473190904;0.0;0.0;0.0;0.0;0.0;0.0;0.0;0.0;0.0;0.0;0.0;0.0;0.0;0.0;0.0;0.0;0.0;0.0;0.0;0.0;0;0;0;0;0;0;0;0;0;0;0;0;0;0;0;0;0;0;0;0;0;0;0;0
DB1701;CSU;CRA;EUR;225.77942057074293;230.81428109652143;243.22333406875876;267.1774277562119;258.9866362336498;256.9680315645402;273.9199995539001;280.38151310340504;265.87089320351663;270.2073504559661;284.55438721467334;290.9091478219034;0.0;0.0;0.0;0.0;0.0;0.0;0.0;0.0;0.0;0.0;0.0;0.0;247.9584796201846;248.1008060762908;235.62449070366816;234.37131034745903;0.0;0.0;0.0;0.0;0.0;0.0;0.0;0.0;0.0;0.0;0.0;0.0;0.0;0.0;0.0;0.0;0.0;0.0;0.0;0.0;0;0;0;0;0;0;0;0;0;0;0;0;0;0;0;0;0;0;0;0;0;0;0;0
DB1701;CSU;CRA;LAM;134.47562179921064;142.37717124267965;152.90852452166095;168.25404276135086;177.51186762088827;188.90726059640943;192.38386804275345;203.7292595438801;200.66938921580032;197.441041048482;213.3222183438384;222.17426696272503;0.0;0.0;0.0;0.0;0.0;0.0;0.0;0.0;0.0;0.0;0.0;0.0;90.28155350652004;86.27539707334616;89.47724983159094;91.06952169000913;0.0;0.0;0.0;0.0;0.0;0.0;0.0;0.0;0.0;0.0;0.0;0.0;0.0;0.0;0.0;0.0;0.0;0.0;0.0;0.0;0;0;0;0;0;0;0;0;0;0;0;0;0;0;0;0;0;0;0;0;0;0;0;0
DB1701;CSU;CRA;NAM;154.85389829467383;167.54207162284663;182.9355110624614;183.46666462516097;179.71147419172067;200.4527881550514;222.91974012379168;245.3500946819533;227.0278507575204;216.035998060581;233.3774690321433;247.38445103902836;0.0;0.0;0.0;0.0;0.0;0.0;0.0;0.0;0.0;0.0;0.0;0.0;88.53601168303386;84.54416831891078;91.88679152894548;93.92997746827729;0.0;0.0;0.0;0.0;0.0;0.0;0.0;0.0;0.0;0.0;0.0;0.0;0.0;0.0;0.0;0.0;0.0;0.0;0.0;0.0;0;0;0;0;0;0;0;0;0;0;0;0;0;0;0;0;0;0;0;0;0;0;0;0
DB1701;CSU;CRA;TBD;0.4235205845676923;0.3105515632384615;0.2942963091136363;0.3667504593063636;0.6326412063004688;0.5255917967300001;0.5617314419266667;0.7401124928516668;61.71801564927797;64.74985154649846;70.03357622289;72.013346300525;0.0;0.0;0.0;0.0;0.0;0.0;0.0;0.0;0.0;0.0;0.0;0.0;0.0;0.0;0.0;0.0;0.0;0.0;0.0;0.0;0.0;0.0;0.0;0.0;0.0;0.0;0.0;0.0;0.0;0.0;0.0;0.0;0.0;0.0;0.0;0.0;0;0;0;0;0;0;0;0;0;0;0;0;0;0;0;0;0;0;0;0;0;0;0;0
DB1701;CSU;CSO;AP;8.723492165210768;10.115007317960307;11.09798952446454;11.746803766655908;11.909184914610156;12.238573685574927;12.536709857700004;12.843329270508333;12.202194278252344;12.019344036048462;12.683878438186667;13.051103701171664;0.0;0.0;0.0;0.0;0.0;0.0;0.0;0.0;0.0;0.0;0.0;0.0;8.100014723806154;8.099997449081537;8.100001898631817;8.100001898631817;0.0;0.0;0.0;0.0;0.0;0.0;0.0;0.0;0.0;0.0;0.0;0.0;0.0;0.0;0.0;0.0;0.0;0.0;0.0;0.0;0;0;0;0;0;0;0;0;0;0;0;0;0;0;0;0;0;0;0;0;0;0;0;0
DB1701;CSU;CSO;EUR;15.481480751228306;16.781519711132308;17.61993145735364;18.76982597334909;18.123022097697348;17.45770614501523;18.03580786198334;18.049022068256665;17.217009639336716;17.639657159266154;18.395741697235;18.813730324515;0.0;0.0;0.0;0.0;0.0;0.0;0.0;0.0;0.0;0.0;0.0;0.0;13.320023828598464;12.558457996859998;12.42000366736818;12.42000366736818;0.0;0.0;0.0;0.0;0.0;0.0;0.0;0.0;0.0;0.0;0.0;0.0;0.0;0.0;0.0;0.0;0.0;0.0;0.0;0.0;0;0;0;0;0;0;0;0;0;0;0;0;0;0;0;0;0;0;0;0;0;0;0;0
DB1701;CSU;CSO;LAM;5.772488579676001;7.039883300532924;8.160472479296363;8.352434352200454;8.993646104640314;9.432293786157846;9.479958806453332;9.92488278128667;9.593507345958598;9.489066155456465;10.213354033843332;10.596948853388335;0.0;0.0;0.0;0.0;0.0;0.0;0.0;0.0;0.0;0.0;0.0;0.0;0.0;0.0;0.0;0.0;0.0;0.0;0.0;0.0;0.0;0.0;0.0;0.0;0.0;0.0;0.0;0.0;0.0;0.0;0.0;0.0;0.0;0.0;0.0;0.0;0;0;0;0;0;0;0;0;0;0;0;0;0;0;0;0;0;0;0;0;0;0;0;0
DB1701;CSU;CSO;NAM;2.174508552900923;2.56342498494323;2.762446799325;2.904377449030453;3.34057745531125;4.652874955296617;5.694075715638333;6.462699159758333;6.906052215129376;7.594638122657386;8.30814219439167;8.827032920463335;0.0;0.0;0.0;0.0;0.0;0.0;0.0;0.0;0.0;0.0;0.0;0.0;0.0;0.0;0.0;0.0;0.0;0.0;0.0;0.0;0.0;0.0;0.0;0.0;0.0;0.0;0.0;0.0;0.0;0.0;0.0;0.0;0.0;0.0;0.0;0.0;0;0;0;0;0;0;0;0;0;0;0;0;0;0;0;0;0;0;0;0;0;0;0;0
DB1701;CSU;CTAM;AP;18.92264601036231;23.50088047737876;26.150612758017733;28.26074045092728;30.211494766253267;31.62413459800862;32.75460834549167;34.265577093895;34.61349093661594;34.51298398903385;36.54360196841667;38.052655963793335;5.200006893101539;5.199999215446154;5.200000378727273;5.200000378727273;5.200006879976563;5.199993226475385;5.199998817883333;5.200008233466667;5.199997170156251;5.199993226475385;5.199998817883333;5.199998817883333;22.832347099232315;22.94306656753384;22.860003846095463;22.86000384609546;0.0;0.0;0.0;0.0;0.0;0.0;0.0;0.0;0.0;0.0;0.0;0.0;0.0;0.0;0.0;0.0;0.0;0.0;0.0;0.0;0;0;0;0;0;0;0;0;0;0;0;0;0;0;0;0;0;0;0;0;0;0;0;0
DB1701;CSU;CTAM;EUR;34.2923763761123;38.68014491193693;43.44704927389456;45.43525623552681;46.35225918331424;43.786044466021856;45.60449010875333;46.03714313045168;44.965078132938906;45.57401739896923;47.32487122269667;48.42874140750335;1.4815418042584616;2.6999991496938462;3.4636379774681822;3.600000843836364;3.60000521120625;3.599994575218462;3.599999326466667;3.600006858933334;3.5999974433500004;3.599994575218462;3.599999326466667;3.599999326466667;37.61852671069848;37.74306787810615;37.76364643742729;37.84001017188638;0.0;0.0;0.0;0.0;0.0;0.0;0.0;0.0;0.0;0.0;0.0;0.0;0.0;0.0;0.0;0.0;0.0;0.0;0.0;0.0;0;0;0;0;0;0;0;0;0;0;0;0;0;0;0;0;0;0;0;0;0;0;0;0
DB1701;CSU;CTAM;LAM;5.700459312095537;9.224588355608768;9.780640531454994;11.229290082223638;14.491636300812347;15.37708666109;15.71495093394333;16.916000672515004;18.241772229137187;18.09765665607308;19.69835224880833;20.561564831406677;0.0;0.0;0.0;0.0;0.0;0.0;0.0;0.0;0.0;0.0;0.0;0.0;15.535413209243078;19.24614881852769;20.4681877902;21.586368209281822;0.0;0.0;0.0;0.0;0.0;0.0;0.0;0.0;0.0;0.0;0.0;0.0;0.0;0.0;0.0;0.0;0.0;0.0;0.0;0.0;0;0;0;0;0;0;0;0;0;0;0;0;0;0;0;0;0;0;0;0;0;0;0;0
DB1701;CSU;CTAM;NAM;0.192870380916923;0.6316188271744613;1.1178216341027267;1.2885796550022726;1.0865448170740637;1.4390922653563072;1.6482579339216663;1.9312282260716669;2.459122103502969;2.5456263997069235;2.7720588372166675;2.8128049624033333;0.0;0.0;0.0;0.0;0.0;0.0;0.0;0.0;0.0;0.0;0.0;0.0;0.0;0.0;0.0;0.0;0.0;0.0;0.0;0.0;0.0;0.0;0.0;0.0;0.0;0.0;0.0;0.0;0.0;0.0;0.0;0.0;0.0;0.0;0.0;0.0;0;0;0;0;0;0;0;0;0;0;0;0;0;0;0;0;0;0;0;0;0;0;0;0
DB1701;CSU;CTAM;TBD;0.0;0.0;0.0;0.0;0.0;0.0;0.0;0.0;-6.5999998440578125;-6.599998977643079;-6.599998137483334;-6.599998137483334;0.0;0.0;0.0;0.0;0.0;0.0;0.0;0.0;0.0;0.0;0.0;0.0;0.0;0.0;0.0;0.0;0.0;0.0;0.0;0.0;0.0;0.0;0.0;0.0;0.0;0.0;0.0;0.0;0.0;0.0;0.0;0.0;0.0;0.0;0.0;0.0;0;0;0;0;0;0;0;0;0;0;0;0;0;0;0;0;0;0;0;0;0;0;0;0
DB1701;CSU;IOS;AP;8.299988855367689;8.299990774781538;8.299995224331818;8.289995369013639;8.299993242406252;8.300007463558464;8.300004305716667;8.2999911239;0.0;0.0;0.0;0.0;5.999980195901539;6.749994995113847;6.738624620145455;5.999988804181818;6.000000917487501;6.000008804849231;6.000001388266667;6.000001388266668;6.000016453200001;6.000008804849231;6.000001388266667;6.000001388266667;0.9000016359784615;0.8999997165646154;0.900000210959091;0.900000210959091;0.0;0.0;0.0;0.0;0.0;0.0;0.0;0.0;0.0;0.0;0.0;0.0;0.0;0.0;0.0;0.0;0.0;0.0;0.0;0.0;0;0;0;0;0;0;0;0;0;0;0;0;0;0;0;0;0;0;0;0;0;0;0;0
DB1701;CSU;IOS;EUR;12.95998593757846;12.959989776406156;12.959993964218178;12.819995989763637;12.820000044293751;12.81998964731692;12.819994630333332;12.82000969526667;0.0;0.0;0.0;0.0;11.69996368530462;11.699994395926154;11.69998194881818;11.69998194881818;11.699999458743749;11.700014874950767;11.699999694133334;11.699999694133336;11.700030530168751;11.700014874950767;11.699999694133334;11.699999694133334;0.0;0.0;0.0;0.0;0.0;0.0;0.0;0.0;0.0;0.0;0.0;0.0;0.0;0.0;0.0;0.0;0.0;0.0;0.0;0.0;0.0;0.0;0.0;0.0;0;0;0;0;0;0;0;0;0;0;0;0;0;0;0;0;0;0;0;0;0;0;0;0
DB1701;CSU;IOS;LAM;3.3199947743815383;3.3199947743815383;3.3199973335999995;3.3199973335999995;3.3199972969625;3.320003750258462;3.3200024755333337;3.319994943066668;0.0;0.0;0.0;0.0;2.9999900979507697;2.999997775606154;2.999994402090909;2.999994402090909;3.0000004587437505;3.0000044024246155;3.000000694133333;3.000000694133334;3.0000082266000003;3.0000044024246155;3.000000694133333;3.000000694133333;0.0;0.0;0.0;0.0;0.0;0.0;0.0;0.0;0.0;0.0;0.0;0.0;0.0;0.0;0.0;0.0;0.0;0.0;0.0;0.0;0.0;0.0;0.0;0.0;0;0;0;0;0;0;0;0;0;0;0;0;0;0;0;0;0;0;0;0;0;0;0;0
DB1701;CSU;IOS;NAM;1.6593563029661538;1.6593543835523077;1.659355953981818;1.634223992459091;1.62999918764375;1.629999307149231;1.6299994230333334;1.6299994230333334;0.0;0.0;0.0;0.0;0.7499975244876924;0.7499994439015385;0.7499986005227273;0.7499986005227273;0.7500001146859376;0.7500011006061539;0.7500001735333334;0.7500001735333335;0.7500020566500001;0.7500011006061539;0.7500001735333334;0.7500001735333334;0.5192302365923077;0.7499994439015385;0.7499986005227273;0.7499986005227273;0.0;0.0;0.0;0.0;0.0;0.0;0.0;0.0;0.0;0.0;0.0;0.0;0.0;0.0;0.0;0.0;0.0;0.0;0.0;0.0;0;0;0;0;0;0;0;0;0;0;0;0;0;0;0;0;0;0;0;0;0;0;0;0
DB1701;CSU;IOS;TBD;0.0;0.0;0.0;0.0;0.0;0.0;0.0;0.0;26.099997;26.099997;26.099997;26.099997;0.0;0.0;0.0;0.0;0.0;0.0;0.0;0.0;0.0;0.0;0.0;0.0;0.0;0.0;0.0;0.0;0.0;0.0;0.0;0.0;0.0;0.0;0.0;0.0;0.0;0.0;0.0;0.0;0.0;0.0;0.0;0.0;0.0;0.0;0.0;0.0;0;0;0;0;0;0;0;0;0;0;0;0;0;0;0;0;0;0;0;0;0;0;0;0
DB1701;CSU;IPM;EUR;0.0;0.0;0.0;0.1000004435136363;0.1000014393984375;0.10000027422;0.1000010274666666;0.1000010274666666;0.0;0.0;0.0;0.0;0.0;0.0;0.0;0.0;0.0;0.0;0.0;0.0;0.0;0.0;0.0;0.0;0.0;0.0;0.0;0.0;0.0;0.0;0.0;0.0;0.0;0.0;0.0;0.0;0.0;0.0;0.0;0.0;0.0;0.0;0.0;0.0;0.0;0.0;0.0;0.0;0;0;0;0;0;0;0;0;0;0;0;0;0;0;0;0;0;0;0;0;0;0;0;0
DB1701;CSU;LSPM;AP;13.099993741758462;15.32499746635846;15.554998006586365;15.62499888414546;14.82500220222656;14.825000977295382;14.82499790636667;14.824999789483336;0.0;0.0;0.0;0.0;11.1807871923;12.149995213915386;12.433638630772728;11.970002616722727;12.307513786235935;12.869979267944617;12.869995144066667;12.8700215077;12.869990083190626;12.869979267944617;12.869995144066666;12.869995144066666;0.0;0.0;0.0;0.0;0.0;0.0;0.0;0.0;0.0;0.0;0.0;0.0;0.0;0.0;0.0;0.0;0.0;0.0;0.0;0.0;0.0;0.0;0.0;0.0;0;0;0;0;0;0;0;0;0;0;0;0;0;0;0;0;0;0;0;0;0;0;0;0
DB1701;CSU;LSPM;EUR;18.30058605608308;18.45060360347077;18.95059727092273;18.950597270922728;17.650594868517196;17.650605773392307;17.65059563353333;17.650588101066667;0.0;0.0;0.0;0.0;16.288489473540004;16.800765673767692;16.092733137577273;16.870005445572726;16.87002241359532;16.86997685213077;16.869996697283334;16.87002871026667;16.86998940020625;16.86997685213077;16.869996697283334;16.869996697283337;0.0;0.0;0.0;0.0;0.0;0.0;0.0;0.0;0.0;0.0;0.0;0.0;0.0;0.0;0.0;0.0;0.0;0.0;0.0;0.0;0.0;0.0;0.0;0.0;0;0;0;0;0;0;0;0;0;0;0;0;0;0;0;0;0;0;0;0;0;0;0;0
DB1701;CSU;LSPM;LAM;4.2000037957384615;4.199996118083077;4.200001614586364;4.200001614586364;4.00000320094375;4.000010968800001;4.000003436333333;3.999995903866667;0.0;0.0;0.0;0.0;3.600006543913846;3.5999988662584617;3.600000843836364;3.600000843836364;3.60000521120625;3.599994575218462;3.599999326466667;3.600006858933334;3.5999974433500004;3.599994575218462;3.599999326466667;3.599999326466667;0.0;0.0;0.0;0.0;0.0;0.0;0.0;0.0;0.0;0.0;0.0;0.0;0.0;0.0;0.0;0.0;0.0;0.0;0.0;0.0;0.0;0.0;0.0;0.0;0;0;0;0;0;0;0;0;0;0;0;0;0;0;0;0;0;0;0;0;0;0;0;0
DB1701;CSU;LSPM;NAM;9.000001004473845;8.99999908506;9.00000021925909;9.000000219259093;8.999999434267188;9.000001734747693;9.000000199283335;8.999998316166668;0.0;0.0;0.0;0.0;8.100014723806154;6.7153822052261525;6.300001476713636;6.300001476713636;6.300009119610939;6.299990506632307;6.299998821316667;6.300012003133334;6.299995525862499;6.299990506632307;6.299998821316667;6.299998821316667;0.0;0.0;0.0;0.0;0.0;0.0;0.0;0.0;0.0;0.0;0.0;0.0;0.0;0.0;0.0;0.0;0.0;0.0;0.0;0.0;0.0;0.0;0.0;0.0;0;0;0;0;0;0;0;0;0;0;0;0;0;0;0;0;0;0;0;0;0;0;0;0
DB1701;CSU;LSPM;TBD;0.0;0.0;0.0;0.0;0.0;0.0;0.0;0.0;49.59999347295782;49.599994518630766;49.599995532616674;49.59999553261666;0.0;0.0;0.0;0.0;0.0;0.0;0.0;0.0;0.0;0.0;0.0;0.0;0.0;0.0;0.0;0.0;0.0;0.0;0.0;0.0;0.0;0.0;0.0;0.0;0.0;0.0;0.0;0.0;0.0;0.0;0.0;0.0;0.0;0.0;0.0;0.0;0;0;0;0;0;0;0;0;0;0;0;0;0;0;0;0;0;0;0;0;0;0;0;0
DB1701;CSU;MDA;AP;31.6353836130554;33.085523039025226;32.48850517989409;33.47641961982091;33.852190727246715;35.566199366875686;36.33678171296834;35.84517753570832;34.40453657447298;35.15777628854616;34.73412194263668;33.43227951435167;17.556953307909232;17.45999795629846;17.54182559309091;18.54000585802273;18.540022176998445;18.53997129754;18.539993518316667;18.540029297533337;18.53998527968125;18.53997129754;18.53999351831667;18.53999351831667;1.3500005345538462;1.34999861514;1.3499993712727274;1.3499993712727274;0.0;0.0;0.0;0.0;0.0;0.0;0.0;0.0;0.0;0.0;0.0;0.0;0.0;0.0;0.0;0.0;0.0;0.0;0.0;0.0;0;0;0;0;0;0;0;0;0;0;0;0;0;0;0;0;0;0;0;0;0;0;0;0
DB1701;CSU;MDA;EUR;58.83398684160737;58.659196571355714;58.99239014232137;57.96809702268636;59.64904344735874;63.55704248580078;62.36436383817501;62.65599364231668;61.8125232723436;62.37728877744862;62.240530086175;58.803027533238335;23.30311213620924;22.31999220303692;23.04000502248637;23.34000446269546;23.36346863150782;23.039964516563074;23.03999455951667;23.040041637433337;23.039982083868757;23.03996451656307;23.039994559516675;23.039994559516668;2.6307735699184613;2.6999991496938462;2.700000632877273;2.700000632877273;0.0;0.0;0.0;0.0;0.0;0.0;0.0;0.0;0.2769234326538461;0.8999997165646154;0.900000210959091;0.900000210959091;0.0;0.0;0.0;0.0;0.0;0.0;0.0;0.0;0;0;0;0;0;0;0;0;0;0;0;0;0;0;0;0;0;0;0;0;0;0;0;0
DB1701;CSU;MDA;LAM;15.837696513456466;16.758798841669844;17.050471076491366;17.176502523340453;17.325035274241404;18.11586279024416;17.977504686866666;17.746247226435003;17.019410912049224;16.920081580437536;16.39842021902;15.634197241926667;6.300011451849231;6.299998015952307;6.300001476713636;6.300001476713636;6.300009119610939;6.299990506632307;6.299998821316667;6.300012003133334;6.299995525862499;6.299990506632307;6.299998821316667;6.299998821316667;3.600006543913846;3.5999988662584617;4.431818676445455;4.500001054795455;0.0;0.0;0.0;0.0;0.0;0.0;0.0;0.0;0.0;0.0;0.0;0.0;0.0;0.0;0.0;0.0;0.0;0.0;0.0;0.0;0;0;0;0;0;0;0;0;0;0;0;0;0;0;0;0;0;0;0;0;0;0;0;0
DB1701;CSU;MDA;NAM;14.284714893609696;14.25851028801646;14.801152391780452;15.11472535961;15.188535544369689;15.826800699508611;15.842232484248331;15.83052872585333;15.743370212738435;15.989348039066773;15.887025803775003;15.526838312708332;4.638468936512307;6.023074583298461;6.300001476713636;6.300001476713636;6.300009119610939;6.299990506632307;6.299998821316667;6.300012003133334;6.299995525862499;6.299990506632307;6.299998821316667;6.299998821316667;0.0;0.0;0.0;0.0;0.0;0.0;0.0;0.0;0.0;0.0;0.0;0.0;0.8030769949892307;0.0;0.0;0.0;0.0;0.0;0.0;0.0;0.0;0.0;0.0;0.0;0;0;0;0;0;0;0;0;0;0;0;0;0;0;0;0;0;0;0;0;0;0;0;0
DB1701;CSU;MDA;TBD;0.19031180226;0.1334779582753846;0.1253497931954545;0.1814126871595454;0.49954617472375;0.4312105746113846;0.4424682023883334;0.6798341166633334;0.2352258345696875;0.1816081769276923;0.229972044995;0.2854635386166667;0.0;0.0;0.0;0.0;0.0;0.0;0.0;0.0;0.0;0.0;0.0;0.0;0.0;0.0;0.0;0.0;0.0;0.0;0.0;0.0;0.0;0.0;0.0;0.0;0.0;0.0;0.0;0.0;0.0;0.0;0.0;0.0;0.0;0.0;0.0;0.0;0;0;0;0;0;0;0;0;0;0;0;0;0;0;0;0;0;0;0;0;0;0;0;0
DB1800;CSC;CSSM; ;136.63572745449278;131.8129153250165;127.2179081328104;124.796049411395;116.88047349626486;112.64520535557048;110.32093841034;108.51854040972002;107.20924719495376;106.26936577194218;105.65544399205834;102.15689418639832;39.5254432533;39.0869051748;39.02758089135001;41.070003136627285;41.07004838198283;41.06993040019692;41.06997982476668;41.07006268190001;41.06996487752814;41.06993040019691;41.06997982476668;41.06997982476668;73.66161773061228;72.81533281053231;73.20459491155911;72.36368269257275;0.0;0.0;0.0;0.0;0.0;0.0;0.0;0.0;0.0;0.0;0.0;0.0;0.0;0.0;0.0;0.0;0.0;0.0;0.0;0.0;0;0;0;0;0;0;0;0;0;0;0;0;0;0;0;0;0;0;0;0;0;0;0;0
DB1800;CSC;CSSS; ;21.992443270483843;21.732129293606302;20.70590117506637;20.596094068146364;28.174582060649065;36.25992600581831;28.18530729277667;19.168197283771672;20.11755279701234;20.15924321910908;19.753580106096667;19.560439563361665;4.583084249981538;4.675383103601538;4.986364528295455;5.60000026245;5.600006811678126;5.59999049918;5.5999972784;5.6000085771000006;5.59999515989375;5.59999049918;5.5999972784;5.5999972784;14.000014571875388;12.761531981783074;14.00000916261818;12.000007853672724;0.0;0.0;0.0;0.0;0.0;0.0;0.0;0.0;0.0;0.0;0.0;0.0;0.0;0.0;0.0;0.0;0.0;0.0;0.0;0.0;0;0;0;0;0;0;0;0;0;0;0;0;0;0;0;0;0;0;0;0;0;0;0;0
DB1800;CSC;DIST; ;46.61111301948462;47.33331167323848;44.42882977610454;44.78598528916818;34.88602500796876;34.957758913734466;32.569987210868334;30.07598410792501;31.327353530850782;29.656112986855387;29.448949192985;29.29005030215834;23.30003147698616;22.579994083223077;24.62273259555455;26.90000210459545;26.90003181875626;26.89996477618153;26.89999392103333;26.900039115833337;26.899981327690625;26.89996477618153;26.89999392103333;26.89999392103333;0.0;0.0;0.5454552461363636;0.1363628663681818;0.0;0.0;0.0;0.0;0.0;0.0;0.0;0.0;14.200015575230774;14.599990710147692;14.378791962013636;5.515152718790909;2.703126586617188;1.4923117845138465;0.9545461889833334;0.0;0.0;0.0;0.0;0.0;0;0;0;0;0;0;0;0;0;0;0;0;0;0;0;0;0;0;0;0;0;0;0;0
DB1800;CSC;INST; ;0.0;0.0;0.0;0.0;0.0;0.0;0.0;0.0;0.0;0.0;0.0;0.0094155833333333;0.0;0.0;0.0;0.0;0.0;0.0;0.0;0.0;0.0;0.0;0.0;0.0;0.0;0.0;0.0;0.0;0.0;0.0;0.0;0.0;0.0;0.0;0.0;0.0;0.0;0.0;0.0;0.0;0.0;0.0;0.0;0.0;0.0;0.0;0.0;0.0;0;0;0;0;0;0;0;0;0;0;0;0;0;0;0;0;0;0;0;0;0;0;0;0
DB1800;CSC;IPCL; ;0.0;0.0;0.0;0.0;0.0;0.0;0.0;0.0;0.0;0.0;0.0;0.0188311666666666;0.0;0.0;0.0;0.0;0.0;0.0;0.0;0.0;0.0;0.0;0.0;0.0;0.0;0.0;0.0;0.0;0.0;0.0;0.0;0.0;0.0;0.0;0.0;0.0;0.0;0.0;0.0;0.0;0.0;0.0;0.0;0.0;0.0;0.0;0.0;0.0;0;0;0;0;0;0;0;0;0;0;0;0;0;0;0;0;0;0;0;0;0;0;0;0
DB1800;CSC;IPM; ;118.09385169186828;123.19607481434312;135.78528228633098;135.19877583829813;134.6498087864016;132.03204889642817;134.25054383513506;144.48943293097838;125.87103323742063;115.7767267824386;117.30256708837332;122.64176268895837;19.756954747749237;19.576915648393843;20.486367111295458;24.74091236016364;26.50003577098282;26.499957943038456;26.499991694283334;26.500046304666675;26.499979454025;26.499957943038456;26.49999169428334;26.49999169428334;77.29239439789383;76.84609804862768;76.26671506885458;75.60004796587276;0.0;0.0;0.0;0.0;0.0;0.0;0.0;0.0;0.0;0.0;0.0;0.0;0.0;0.0;0.0;0.0;0.0;0.0;0.0;0.0;0;0;0;0;0;0;0;0;0;0;0;0;0;0;0;0;0;0;0;0;0;0;0;0
DB1800;CSC;OPRUN; ;14.69999984918769;14.699997929773849;13.70000027075;13.70000027075;12.499997380182812;12.49999985992154;12.499998498283333;12.5000003814;15.19999934662344;15.199999615510771;15.19999987625;15.199999876250002;9.276932114783078;9.789227509149232;9.032727534027272;9.359998791377272;10.260013686759375;10.259985304207692;10.259997327183331;10.260016158350002;10.259992325154688;10.259985304207692;10.259997327183331;10.259997327183331;0.0;0.0;0.0;0.0;0.0;0.0;0.0;0.0;0.0;0.0;0.0;0.0;1.0000011779492308;0.0;0.0;0.0;0.0;0.0;0.0;0.0;0.0;0.0;0.0;0.0;0;0;0;0;0;0;0;0;0;0;0;0;0;0;0;0;0;0;0;0;0;0;0;0
DB1800;CSC;PACK; ;41.70654422499692;38.2531252359277;41.81734582094545;38.88422341918818;38.59910476644578;41.18039801607093;40.00628970027667;42.32100201863334;47.50918000122766;47.74835747871538;46.57497612707334;42.325948777805;31.602352420176928;30.27999336442153;31.406375467950006;35.55182399659547;38.02005205845001;38.01995358593384;38.01999744806668;38.02006712338335;38.019980205779696;38.01995358593384;38.01999744806669;38.01999744806669;2.9999958561923075;4.692302736655384;4.9999994917;2.015150428136364;0.0;0.0;0.0;0.0;0.0;0.0;0.0;0.0;11.615394311243078;13.015376382350768;13.363644078681816;7.500004908545455;5.98437975856875;4.092318914233847;0.6666666116833334;0.0;0.0;0.0;0.0;0.0;0;0;0;0;0;0;0;0;0;0;0;0;0;0;0;0;0;0;0;0;0;0;0;0
DB1800;CSC;PPSL; ;45.67856964115847;43.49931725693677;40.24629293718636;38.60842381788228;34.572470635527345;33.70850005293185;31.94381382180334;30.494925215615;38.53928586483938;38.20428400210908;38.51250213171667;36.760492755175;15.33909748047231;16.09999151736461;16.42908932964545;16.919999051168183;17.76377059211563;17.819976589089226;17.81999515951667;17.820027172500005;17.819990451725005;17.81997658908923;17.81999515951667;17.819995159516665;22.000025914883075;21.999983687778464;16.000010471563634;0.0;0.0;0.0;0.0;0.0;0.0;0.0;0.0;0.0;0.0;0.0;0.0;0.0;0.0;0.0;0.0;0.0;0.0;0.0;0.0;0.0;0;0;0;0;0;0;0;0;0;0;0;0;0;0;0;0;0;0;0;0;0;0;0;0
DB1800;CSC;RSUP; ;30.949993558629235;29.370001179373844;28.940000944481817;28.409997270627272;1.6099988997640629;0.0;0.0;0.0;29.399997893010937;29.399996488821543;29.399997010300005;29.399997010300005;19.673878677660007;19.147684807633844;19.40636761427728;20.020003348431818;20.02002406045469;20.01996732522769;20.019991400150005;20.02003094560001;20.019983279209377;20.01996732522769;20.01999140015;20.01999140015;4.000004711796923;3.9999970341415385;4.000002617890909;4.000002617890909;0.0;0.0;0.0;0.0;0.0;0.0;0.0;0.0;1.0000011779492308;0.9999992585353846;1.0000006544727271;0.89393980715;0.0;0.0;0.0;0.0;0.0;0.0;0.0;0.0;0;0;0;0;0;0;0;0;0;0;0;0;0;0;0;0;0;0;0;0;0;0;0;0
DB1800;CSC;TECI; ;5.950000578761539;5.514998060566153;5.9299973782818185;5.994998328181818;0.4607212640078125;0.0007227691476923;0.0007231168;0.0007231168;5.400722459584376;5.400722280326154;5.400722106500001;5.4007221065;4.500008179892308;4.499998582823077;4.500001054795455;4.500001054795455;4.500006514007813;4.499993219023077;4.499999158083334;4.500008573666667;4.4999968041875;4.499993219023077;4.499999158083334;4.499999158083334;0.0;0.0;0.0;0.0;0.0;0.0;0.0;0.0;0.0;0.0;0.0;0.0;0.0;0.0;0.0;0.0;0.0;0.0;0.0;0.0;0.0;0.0;0.0;0.0;0;0;0;0;0;0;0;0;0;0;0;0;0;0;0;0;0;0;0;0;0;0;0;0
DB1800;CSC;TSOM; ;0.0;0.0;0.0;0.0;0.0;0.0;0.0;0.0;0.0;0.0;0.0;0.0108279208333333;0.0;0.0;0.0;0.0;0.0;0.0;0.0;0.0;0.0;0.0;0.0;0.0;0.0;0.0;0.0;0.0;0.0;0.0;0.0;0.0;0.0;0.0;0.0;0.0;0.0;0.0;0.0;0.0;0.0;0.0;0.0;0.0;0.0;0.0;0.0;0.0;0;0;0;0;0;0;0;0;0;0;0;0;0;0;0;0;0;0;0;0;0;0;0;0
DB1700;GRSM;CSO;NAM;0.0;0.0;0.0;0.0;0.0;0.0;0.0;0.0;0.0;0.0;0.0;0.0;0.0;0.0;0.0;0.0;0.0;0.0;0.0;0.0;0.0;0.0;0.0;0.0;5.400009815870769;5.399998299387692;5.400001265754545;5.400001265754545;0.0;0.0;0.0;0.0;0.0;0.0;0.0;0.0;0.0;0.0;0.0;0.0;0.0;0.0;0.0;0.0;0.0;0.0;0.0;0.0;0;0;0;0;0;0;0;0;0;0;0;0;0;0;0;0;0;0;0;0;0;0;0;0
DB1100;CQCI;PSA; ;0.0;0.0;0.0;0.0;0.0;0.0;0.0;0.0;0.0;0.0;0.0;0.0;2.0999942202138464;2.2499983317046155;2.249995801568182;2.249995801568182;2.250000344057813;2.2500033018184618;2.2500005206;2.2500005206000004;2.25000616995;2.2500033018184618;2.2500005206;2.2500005206;0.7499975244876924;0.7499994439015385;0.7499986005227273;0.7499986005227273;0.0;0.0;0.0;0.0;0.0;0.0;0.0;0.0;0.7499975244876924;0.7499994439015385;0.7499986005227273;0.7499986005227273;0.0;0.0;0.0;0.0;0.0;0.0;0.0;0.0;0;0;0;0;0;0;0;0;0;0;0;0;0;0;0;0;0;0;0;0;0;0;0;0
DB1800;CSC;WRI; ;0.0;0.0;0.0;0.0;0.0;0.0;0.0;0.0;0.0;0.0;0.0;0.0;0.0;0.0;0.0;0.8999983206272728;2.700003908404688;2.6999959314138464;2.69999949485;2.7000051442000004;2.6999980825125003;2.6999959314138464;2.69999949485;2.69999949485;0.0;0.0;0.0;0.0;0.0;0.0;0.0;0.0;0.0;0.0;0.0;0.0;0.0;0.0;0.0;0.0;0.0;0.0;0.0;0.0;0.0;0.0;0.0;0.0;0;0;0;0;0;0;0;0;0;0;0;0;0;0;0;0;0;0;0;0;0;0;0;0
DB1700;GRSM;CPL;EUR;0.0;0.0;0.0;0.0;0.0;0.0;0.0;0.0;0.0;0.0;0.0;0.0;0.0;0.3461547706707692;0.900000210959091;0.0;0.0;0.0;0.0;0.0;0.0;0.0;0.0;0.0;0.0;0.0;0.0;0.0;0.0;0.0;0.0;0.0;0.0;0.0;0.0;0.0;0.0;0.0;0.0;0.0;0.0;0.0;0.0;0.0;0.0;0.0;0.0;0.0;0;0;0;0;0;0;0;0;0;0;0;0;0;0;0;0;0;0;0;0;0;0;0;0
DB1700;GRSM;CQL;AP;0.0;0.0;0.0;0.0;0.0;0.0;0.0;0.0;0.0;0.0;0.0;0.0;0.0;0.0;0.0;0.0;0.0;0.0;0.0;0.0;0.0;0.0;0.0;0.0;1.2999959650338462;1.2999959650338462;1.2999963140181818;1.2999963140181818;0.0;0.0;0.0;0.0;0.0;0.0;0.0;0.0;0.0;0.0;0.0;0.0;0.0;0.0;0.0;0.0;0.0;0.0;0.0;0.0;0;0;0;0;0;0;0;0;0;0;0;0;0;0;0;0;0;0;0;0;0;0;0;0
DB1800;CSC;MWD; ;0.0;0.0;0.0;0.0;0.0;0.0;0.0;0.0;0.0;0.0;0.0;0.0;0.0;0.0;0.0;0.5999988804181818;1.800002605603125;1.799997287609231;1.7999996632333335;1.800003429466667;1.7999987216750002;1.799997287609231;1.7999996632333335;1.7999996632333335;0.0;0.0;0.0;0.0;0.0;0.0;0.0;0.0;0.0;0.0;0.0;0.0;0.0;0.0;0.0;0.0;0.0;0.0;0.0;0.0;0.0;0.0;0.0;0.0;0;0;0;0;0;0;0;0;0;0;0;0;0;0;0;0;0;0;0;0;0;0;0;0
DB1800;CSC;EXP; ;0.0;0.0;0.0;0.0;0.0;0.0;0.0;0.0;0.0;0.0;0.0;0.0;0.0;0.0;0.0;0.0;0.0;0.0;0.0;0.0;0.0;0.0;0.0;0.0;0.0;0.0;0.0;0.0;0.0;0.0;0.0;0.0;0.0;0.0;0.0;0.0;0.0;0.0;0.2863644768045454;0.8045460154681818;0.0;0.0;0.0;0.0;0.0;0.0;0.0;0.0;0;0;0;0;0;0;0;0;0;0;0;0;0;0;0;0;0;0;0;0;0;0;0;0
DB1502;CDMS;CTM; ;0.0;0.0;0.0;0.0;0.0;0.0;0.0;0.0;0.0;0.0;0.0;0.0;0.0;0.0;0.0;0.0;0.0;0.0;0.0;0.0;0.0;0.0;0.0;0.0;0.0;0.4569241437323077;0.900000210959091;0.900000210959091;0.0;0.0;0.0;0.0;0.0;0.0;0.0;0.0;0.0;0.0;0.0;0.0;0.0;0.0;0.0;0.0;0.0;0.0;0.0;0.0;0;0;0;0;0;0;0;0;0;0;0;0;0;0;0;0;0;0;0;0;0;0;0;0
DB1800;CSC;REM; ;0.0;0.0;0.0;0.0;0.0;0.0;0.0;0.0;0.0;0.0;0.0;0.0;0.0;0.0;0.0;1.1999977608363637;3.60000521120625;3.599994575218462;3.599999326466667;3.600006858933334;3.5999974433500004;3.599994575218462;3.599999326466667;3.599999326466667;0.0;0.0;0.0;0.0;0.0;0.0;0.0;0.0;0.0;0.0;0.0;0.0;0.0;0.0;0.0;0.0;0.0;0.0;0.0;0.0;0.0;0.0;0.0;0.0;0;0;0;0;0;0;0;0;0;0;0;0;0;0;0;0;0;0;0;0;0;0;0;0
DB1700;GRSM;CSO;EUR;0.0;0.0;0.0;0.0;0.0;0.0;0.0;0.0;0.0;0.0;0.0;0.0;0.0;0.0;0.1145446565227272;0.5399997485090909;0.5400000048953125;0.5399984214476924;0.5399987691000001;0.5400006522166667;0.5400000048953126;0.5399984214476924;0.5399987691000001;0.5399987691000001;0.0;0.0;0.0;0.0;0.0;0.0;0.0;0.0;0.0;0.0;0.0;0.0;0.0;0.0;0.0;0.0;0.0;0.0;0.0;0.0;0.0;0.0;0.0;0.0;0;0;0;0;0;0;0;0;0;0;0;0;0;0;0;0;0;0;0;0;0;0;0;0
DB1700;GRSM;CPA;LAM;0.0;0.0;0.0;0.0;0.0;0.0;0.0;0.0;0.0;0.0;0.0;0.0;0.0;0.0;0.0;0.0;0.0;0.0;0.0;0.0;0.0;0.0;0.0;0.0;0.0;0.2769234326538461;0.900000210959091;0.900000210959091;0.0;0.0;0.0;0.0;0.0;0.0;0.0;0.0;0.0;0.0;0.0;0.0;0.0;0.0;0.0;0.0;0.0;0.0;0.0;0.0;0;0;0;0;0;0;0;0;0;0;0;0;0;0;0;0;0;0;0;0;0;0;0;0
DB1000;MOF;PSA; ;0.0;0.0;0.0;0.0;0.0;0.0;0.0;0.0;0.0;0.0;0.0;0.0;0.7499975244876924;0.7499994439015385;0.7499986005227273;0.7499986005227273;0.7500001146859376;0.7500011006061539;0.7500001735333334;0.7500001735333335;0.7500020566500001;0.7500011006061539;0.7500001735333334;0.7500001735333334;0.0;0.0;0.0;0.0;0.0;0.0;0.0;0.0;0.0;0.0;0.0;0.0;0.0;0.0;0.0;0.0;0.0;0.0;0.0;0.0;0.0;0.0;0.0;0.0;0;0;0;0;0;0;0;0;0;0;0;0;0;0;0;0;0;0;0;0;0;0;0;0
DB1700;GRSM;CSO;LAM;0.0;0.0;0.0;0.0;0.0;0.0;0.0;0.0;0.0;0.0;0.0;0.0;0.0;0.0;0.0;0.0;0.0;0.0;0.0;0.0;0.0;0.0;0.0;0.0;4.887700985607692;5.829229140147692;4.772728677863636;4.500001054795455;0.0;0.0;0.0;0.0;0.0;0.0;0.0;0.0;0.0;0.0;0.0;0.0;0.0;0.0;0.0;0.0;0.0;0.0;0.0;0.0;0;0;0;0;0;0;0;0;0;0;0;0;0;0;0;0;0;0;0;0;0;0;0;0
